Hashtag,tweet,split
#climatechange,RT @climateguyw: #Parents please buy this book to begin educating your #kids on the #history of #climatechange and #Weather.  World of Ther‚Ä¶,0.2188289482877509
#climatechange,RT @FintechSIN: Singapore Fintech Festival 2019 Kicks off Tomorrow With Focus on Sustainability,-0.0263837381547946
#climatechange,@AnthonyCole68 well prime minister,1.060946816930908
#climatechange,RT @drkerrynphelps: We will never be able to say we were not warned!,-1.3919023686250982
#climatechange,RT @AgentMacaron: 1/2,0.1422733846629088
#climatechange,RT @humanitarian_bs: So I know it's Sunday and an Holy day. ,0.42313463333385676
#climatechange,RT @PeterGleick: Scientists:,0.7417593098807859
#climatechange,how #scientists got #climatechange so #wrong https://t.co/CUAFmeJ9su via ‚Å¶@nytopinion‚Å©,0.13508448423620684
#climatechange,That total waste of space Gladys Berejiklian just refused to admit the current catastrophic fire conditions are eve‚Ä¶ https://t.co/qjLa56xJQp,0.4769356220379559
#climatechange,@GroverNorquist Heaven forbid one issue Grover that the sources of energy that cause exceedingly dangerous and cost‚Ä¶ https://t.co/63cUGSCa5A,-0.24544481544551708
#climatechange,RT @IPCC_CH: #IPCC Authors Joyahsree Roy @Joyashree9,-2.3220547604680815
#climatechange,RT @hughriminton: The Prime Minister #ScottMorrison has visited #NSWBushfires victims,1.5677973379355832
#climatechange,RT @ellymelly: Remember the first rule of #ClimateChange-alarmism:,-1.2869507326804466
#climatechange,The latest Quimpering! https://t.co/AN7xUelqBB Thanks to @PenDailyNews @FinoFilipino @balanacesta #climatechange #cybersecurity,0.5166820845327017
#climatechange,RT @JonDeeOz: On watching your report @hughriminton,-1.7200701051826566
#climatechange,RT @nswoutwest: Thank you David Rowe. ,0.1779683738929525
#climatechange,RT @PeterGleick: Scientists:,-0.4945322521806676
#climatechange,RT @gmbutts: Margaret Thatcher on #climatechange. There‚Äôs a lot of history for conservatives to draw from and build on. https://t.co/JjpUgn‚Ä¶,-0.4873080906134841
#climatechange,An #ideology is a simple idea that dresses itself up like #science or #philosophy to sell itself as an explanation‚Ä¶ https://t.co/liyDxX1TMx,-0.984424854687977
#climatechange,RT @IPCC_CH: #IPCC Authors Joyahsree Roy @Joyashree9,-0.9137035573578767
#climatechange,RT @SFdirewolf: Conversations about #ClimateChange,-0.829143779556597
#climatechange,It‚Äôs clear that the Fed Gov and NSW State Gov only see #climatechange as a political issue to be wedged on.‚Ä¶ https://t.co/lvlP0k3p9s,0.6077808261082008
#climatechange,The Interceptor is an autonomous,-1.2095445995064191
#climatechange,RT @IPCC_CH: Jagdish Krishnaswamy @JagdishKrishna8 says that ‚Äúmany options in land management which have high positive impact are scalable‚Ä¶,-0.3137219558313375
#climatechange,RT @MGliksmanMDPhD: ‚ÄúWhen (@ScottMorrisonMP) was asked about climate change,1.3882545359674012
#climatechange,RT @Clarsonimus: An #ideology is a simple idea that dresses itself up like #science or #philosophy to sell itself as an explanation of and‚Ä¶,-1.5079806707343741
#climatechange,BBC News: Australia bushfires: Sydney area faces 'catastrophic' threat - #ClimateChange ?,0.3277120804809172
#climatechange,RT @JonDeeOz: On watching your report @hughriminton,0.747967269933989
#climatechange,RT @drkerrynphelps: Whenever there is a gun massacre in the USA,0.8616773816059716
#climatechange,RT @Betty32Boo: ‚ÄúWhen the elites recruit a foolish child for a sleeping public to follow over a bottomless cliff: - How dare you!‚Äù,-0.5913574976357676
#climatechange,@AOC @BernieSanders @KamalaHarris @SenWarren @JoeBiden Many people/#Republicans in the world are in denial of‚Ä¶ https://t.co/UWNIbnpVKQ,0.07131606793009986
#climatechange,"RT @ChrisOgilvieSnr: @hughriminton Just saw your #TheProjectTV with Hamish busy framing #Bushfires as ""not the right time to discus #Climat‚Ä¶",-1.468160029435873
#climatechange,We've got to ask the question ü§î,1.225969765260428
#climatechange,RT @SWG_mixes: 1 hour until #MichaelJackson's #EARTHSONG SWG Extended Mix VIDEO premiere at 9pm. See you in the chat at 8.30pm!! https://t.‚Ä¶,-0.1707678417951116
#climatechange,@GretaThunberg And yet we still have vocal climate change denial in the form of @ScottMorrisonMP,-0.6329978883850514
#climatechange,RT @carolduncan: Good. There are no longer ‚Äòtwo sides‚Äô to the #climatechange story,0.48569834284563745
#climatechange,RT @Boba_Tea_Catan: Back in 2007,0.7850945019584795
#climatechange,@BBCWorld Extreme weather .... a noticeable effect of climate change. #ClimateChange,0.31762530935747246
#climatechange,RT @vegix: The future of food hangs in the balance. üò®,1.160646661239017
#climatechange,That total waste of space Gladys Berejiklian just refused to admit the current catastrophic fire conditions are eve‚Ä¶ https://t.co/TXu3E5ZCzD,-0.6795159327881521
#climatechange,RT @cays2016: Lets put hands together to reduce the environmental impact of gold mining by recycling gold found in our old scraps which we‚Ä¶,-0.37195907808030787
#climatechange,@brightsider123 For a staunch #Remainer shouldn't the 2nd referendum and #FinalSay be a great option? Plus get adde‚Ä¶ https://t.co/AOypVAU84G,-0.5340019093124159
#climatechange,RT @drkerrynphelps: Whenever there is a gun massacre in the USA,0.09078183622192712
#climatechange,RT @DorotheaBaur: Time to acknowledge #AI as a material aspect of #ESG. But don‚Äôt just assess it from a #humanrights point of view but also‚Ä¶,-1.6588552508911831
#climatechange,RT @liarpoliticians: It appears @CarolineLucas is a massive hypocrite,1.9238154077763736
#climatechange,RT @GeorgeBludger: Also superb. A+ https://t.co/4tN4c7zMh1,-0.3829967826006211
#climatechange,RT @AlexWitzleben: WoodMac: Renewables to Supply 53% of Europe's Power by 2030 | Greentech Media,-0.19253272964225618
#climatechange,Premier @GladysB,-1.5185383960791043
#climatechange,RT @ldenver: @GrogsGamut @AdamBandt Can we stop asking #politicians if #ClimateChange is real and start asking/demanding of them what they‚Ä¶,-0.5509009437661486
#climatechange,@JohnBarilaroMP behaving like a pork chop on @ABC mid north coast today. Doesn't want to talk #ClimateChange becaus‚Ä¶ https://t.co/mamSH7beBb,-2.5013606974925784
#climatechange,#Trees planted on under-used land help fight #climatechange | HeraldScotland https://t.co/oRW9mGRQIv,-0.27191111323331674
#climatechange,RT @PepsiCo: We believe companies need to help lead the fight against #climatechange. That‚Äôs why we‚Äôre working to reduce greenhouse gas emi‚Ä¶,0.5923568608085001
#climatechange,RT @drkerrynphelps: Whenever there is a gun massacre in the USA,0.07630192365207443
#climatechange,RT @johnlittle: That total waste of space Gladys Berejiklian just refused to admit the current catastrophic fire conditions are even slight‚Ä¶,0.411726713284928
#climatechange,RT @mayleeasia: Hail???!!! Hail??!!!!! What the??? #thisisnotSocal #weirdweather #climatechange #whereami #hail https://t.co/vhVhLCJq1M,-0.20118378654175598
#climatechange,RT @Lynestel: @RNBreakfast The DeputyPM Michael Mcormack disgracefully ranting about Greenies and refusing to acknowledge Govt negligence o‚Ä¶,-0.3311698327288653
#climatechange,RT @Clarsonimus: An #ideology is a simple idea that dresses itself up like #science or #philosophy to sell itself as an explanation of and‚Ä¶,-0.633144030148978
#climatechange,RT @Lynestel: @RNBreakfast The DeputyPM Michael Mcormack disgracefully ranting about Greenies and refusing to acknowledge Govt negligence o‚Ä¶,0.6402869823821475
#climatechange,RT @JimBair62221006: Banking Giant HSBC Warns of US$10,-0.985092649185429
#climatechange,RT @PeterGleick: Scientists:,1.6333241355083177
#climatechange,RT @theSNP: üåç Guardian's analysis shows the SNP are the strongest main party on #ClimateChange.,-0.5974107281002202
#climatechange,RT @drkerrynphelps: Whenever there is a gun massacre in the USA,0.9302810893469263
#climatechange,Please give @BrianMathew4NW a follow and vote for him for #LibDems MP for #NorthWilts for a #BrighterFuture‚Ä¶ https://t.co/lTa8Ev6IyO,-0.7686331308840414
#climatechange,RT @johnlittle: That total waste of space Gladys Berejiklian just refused to admit the current catastrophic fire conditions are even slight‚Ä¶,0.2581431463622189
#greta,RT @NeilUKIP: Greta‚Äôs watching: Have you done anything this week that #Greta might disapprove of?,-0.12965284000038338
#greta,RT @ellymelly: Remember the first rule of #ClimateChange-alarmism:,1.2575418224585704
#greta,RT @ellymelly: Remember the first rule of #ClimateChange-alarmism:,1.5118871560106406
#greta,Yikes! üòÇüòÇüòÇ,0.24604606720542935
#greta,RT @NeilUKIP: Greta‚Äôs watching: Have you done anything this week that #Greta might disapprove of?,1.1884092738691243
#greta,RT @ellymelly: Remember the first rule of #ClimateChange-alarmism:,1.2786881945331179
#greta,RT @charliesmithvcr: Why #Vancouver will never be the same after today's speech by teenage climate revolutionary @GretaThunberg https://t.c‚Ä¶,0.5466836245934222
#greta,RT @JWSpry: FEAR NOT #GRETA,-0.8132364401285788
#greta,RT @JWSpry: FEAR NOT #GRETA,1.3825447329324478
#greta,RT @ellymelly: Remember the first rule of #ClimateChange-alarmism:,0.1893356095027694
#greta,RT @JWSpry: FEAR NOT #GRETA,1.1633388075813387
#greta,#Globalwarming #Earth #Savetheearth #Savetheplanet #Love #Helptheearth #Planet #Life #Futures #OurFUTURE‚Ä¶ https://t.co/YyipaideZN,-0.6530534464994296
#greta,RT @Savethe64387573: #Globalwarming #Earth #Savetheearth #Savetheplanet #Love #Helptheearth #Planet #Life #Futures #OurFUTURE #ClimateChang‚Ä¶,0.9301322803782373
#GretaThunberg,RT @ChinaBazzar: Little Sister is watching you #bigbrotheriswatchingyou #Orwellian #GretaThunberg 'The foundations which financed the 'clim‚Ä¶,-0.19440137239984703
Greta Thunberg,RT @MamoudouNDiaye: didn't she explicitly say she wants change not idolatry? https://t.co/7iLCeSFnP4,-0.3550934639630022
Greta Thunberg,It wont be there for long...,0.19261514334963514
 biodegradable, sustainable,-0.5146416953434468
Greta Thunberg,RT @B52Malmet: Greta Thunberg will not be silenced. https://t.co/YRtGs5l4tS,0.5219677313881828
Greta Thunberg,Greta Thunberg turns down environmental prize,1.1500139600669679
Greta Thunberg,RT @ryxcommar: Peak California liberalism is painting a mural honoring a 16 year-old climate activist within a year of her rise to prominen‚Ä¶,0.8201325743460742
Greta Thunberg,RT @roxmo: Jesus Christ! Poor San Franciscans,-0.48993228914794446
Greta Thunberg,RT @qgotnorings: liberal idolatry in place of structural change is one of the best ways to co-opt a movement/growing sentiment. https://t.c‚Ä¶,0.6336452437803809
Greta Thunberg,RT @SupremeTankie: At this point y‚Äôall are deliberately trying to give @earwulf a stroke. https://t.co/MZgwM5Skod,0.056328014423496775
Greta Thunberg,RT @MrAndyNgo: I thought this was Putin. https://t.co/hOuQSmVPpn,-0.03174366367070796
Greta Thunberg,RT @hughriminton: There was a time when #climate science was not a left/right thing. It was just climate science. https://t.co/5LFQGMIFJH,0.4756800660712216
Greta Thunberg,RT @qgotnorings: liberal idolatry in place of structural change is one of the best ways to co-opt a movement/growing sentiment. https://t.c‚Ä¶,2.016069288842388
Greta Thunberg,RT @ryxcommar: Peak California liberalism is painting a mural honoring a 16 year-old climate activist within a year of her rise to prominen‚Ä¶,-0.7229768208447808
Greta Thunberg,"This is the most SF thing ever -- spend thousands of $$$ on symbols / appearing to be ""woke"" while doing exactly 0‚Ä¶ https://t.co/DcMrpLP8jj",0.04371504377104239
Greta Thunberg,RT @ryxcommar: Peak California liberalism is painting a mural honoring a 16 year-old climate activist within a year of her rise to prominen‚Ä¶,0.059880836491743694
Greta Thunberg,RT @groth1945: SF is mostly LIBERAL however,0.3880814609542855
Greta Thunberg,RT @WayneDupreeShow: This god-worship of Greta T is going to far,-0.6986068700156682
Greta Thunberg,RT @inthecopa: Patriots! Don‚Äôt be triggered! It‚Äôs only SF ‚Äî s__thole sanctuary slum.,1.0609098811563582
Greta Thunberg,RT @dearnonnatives: The way y‚Äôall idolize white people for doing the same thing Black and Indigenous people have already BEEN doing. https:‚Ä¶,0.20589407330248136
Greta Thunberg,RT @ryxcommar: Peak California liberalism is painting a mural honoring a 16 year-old climate activist within a year of her rise to prominen‚Ä¶,0.2801049435306397
Greta Thunberg,RT @TomLondon6: You know these terrible things the Tories &amp; the mainstream media pump out about Mr Corbyn?,1.3958746925615162
Greta Thunberg,RT @CNN: Teen climate activist Greta Thunberg is getting a huge mural in downtown San Francisco https://t.co/NNOUukg0ZL https://t.co/px8ksl‚Ä¶,-0.34064827103890827
Greta Thunberg,@MikeHudema 100 % for green energy!,-0.12671097725447258
Greta Thunberg,RT @ryxcommar: Peak California liberalism is painting a mural honoring a 16 year-old climate activist within a year of her rise to prominen‚Ä¶,0.07104016766804953
Greta Thunberg,RT @qgotnorings: liberal idolatry in place of structural change is one of the best ways to co-opt a movement/growing sentiment. https://t.c‚Ä¶,-0.896812448684015
Greta Thunberg,RT @dearnonnatives: The way y‚Äôall idolize white people for doing the same thing Black and Indigenous people have already BEEN doing. https:‚Ä¶,0.39560151335739063
Greta Thunberg,RT @MamoudouNDiaye: didn't she explicitly say she wants change not idolatry? https://t.co/7iLCeSFnP4,-1.8597130868937606
Greta Thunberg,RT @MamoudouNDiaye: didn't she explicitly say she wants change not idolatry? https://t.co/7iLCeSFnP4,0.20223320179378057
Greta Thunberg,Mural of 16-year-old climate activist Greta Thunberg goes up in San Francisco to mixed responses https://t.co/raVDpgJu3N,-0.4185630784014058
Greta Thunberg,RT @FuckBamboni: Can we stop worshipping a teenage girl this is getting extremely weird https://t.co/LkmAdP4CnK,-0.2929215268646614
Greta Thunberg,RT @TomLondon6: You know these terrible things the Tories &amp; the mainstream media pump out about Mr Corbyn?,-0.03523035143476556
Greta Thunberg,RT @walletcheck: liberals have decided that the only necessary measure to stop climate change is to appease the child god Greta with idolat‚Ä¶,0.1587833660230237
Greta Thunberg,RT @MamoudouNDiaye: didn't she explicitly say she wants change not idolatry? https://t.co/7iLCeSFnP4,-0.9366870176412438
Greta Thunberg,RT @MamoudouNDiaye: didn't she explicitly say she wants change not idolatry? https://t.co/7iLCeSFnP4,0.48570891906430547
Greta Thunberg,RT @MamoudouNDiaye: didn't she explicitly say she wants change not idolatry? https://t.co/7iLCeSFnP4,-0.44415531506704714
Greta Thunberg,RT @Atenatioweren: Peak White Liberalism is Building a Mural to a Scandinavian Climate Activist while ignoring Native Stewards of the Land‚Ä¶,1.0699802957541646
Greta Thunberg,RT @MamoudouNDiaye: didn't she explicitly say she wants change not idolatry? https://t.co/7iLCeSFnP4,0.17607527522240288
Greta Thunberg,RT @MamoudouNDiaye: didn't she explicitly say she wants change not idolatry? https://t.co/7iLCeSFnP4,0.8349165540883203
Greta Thunberg,RT @MamoudouNDiaye: didn't she explicitly say she wants change not idolatry? https://t.co/7iLCeSFnP4,0.23404353340754294
Greta Thunberg,RT @MamoudouNDiaye: didn't she explicitly say she wants change not idolatry? https://t.co/7iLCeSFnP4,-2.9782228069207517
Greta Thunberg,RT @MamoudouNDiaye: didn't she explicitly say she wants change not idolatry? https://t.co/7iLCeSFnP4,0.7431999325979766
Greta Thunberg,RT @qgotnorings: liberal idolatry in place of structural change is one of the best ways to co-opt a movement/growing sentiment. https://t.c‚Ä¶,0.8100514200499667
Greta Thunberg,RT @inthecopa: Patriots! Don‚Äôt be triggered! It‚Äôs only SF ‚Äî s__thole sanctuary slum.,0.9186355392072515
Greta Thunberg,Haven't the residents of SF suffered enough without being tormented by this eyesore?,-0.7551873531906064
Greta Thunberg,Quite right Baroness Thatcher. Unfortunately Conservative MPs are five times as likely to vote against climate acti‚Ä¶ https://t.co/Eu8CJ5fsR1,0.3252912345788669
Greta Thunberg,RT @EmmaVigeland: She probably hates this https://t.co/v7i98Uh0La,0.08289091161971042
Greta Thunberg,RT @dearnonnatives: The way y‚Äôall idolize white people for doing the same thing Black and Indigenous people have already BEEN doing. https:‚Ä¶,-1.1194788909399236
Greta Thunberg,New song out - Fremen.,-0.05500773605577401
Greta Thunberg,RT @BrandonStraka: The leftist geniuses in San Francisco have decided to send a message about climate change by creating a 6 story mural of‚Ä¶,-2.0731260309786945
Greta Thunberg,RT @walletcheck: liberals have decided that the only necessary measure to stop climate change is to appease the child god Greta with idolat‚Ä¶,-1.4712302330320064
Greta Thunberg,OMG really üôÑ,-0.7161751995040485
Greta Thunberg,Might want to consider taking that down before the building  commits suicide?,1.3279467285182658
Greta Thunberg,RT @MatthewACherry: I‚Äôm waiting on the @LittleMissFlint mural myself https://t.co/wp9MvLT5Df,0.5839869491222855
Greta Thunberg,When they figure out this is impacting their tourism dollars,-0.5448920622491729
Greta Thunberg,RT @TomLondon6: You know these terrible things the Tories &amp; the mainstream media pump out about Mr Corbyn?,-0.2084232965936681
Greta Thunberg,RT @MamoudouNDiaye: didn't she explicitly say she wants change not idolatry? https://t.co/7iLCeSFnP4,0.239449337119856
Greta Thunberg,RT @FuckBamboni: Can we stop worshipping a teenage girl this is getting extremely weird https://t.co/LkmAdP4CnK,1.22424435145958
Greta Thunberg,RT @MamoudouNDiaye: didn't she explicitly say she wants change not idolatry? https://t.co/7iLCeSFnP4,1.3968962764491761
Greta Thunberg,RT @inthecopa: Patriots! Don‚Äôt be triggered! It‚Äôs only SF ‚Äî s__thole sanctuary slum.,0.4276824991593249
Greta Thunberg,RT @walletcheck: liberals have decided that the only necessary measure to stop climate change is to appease the child god Greta with idolat‚Ä¶,0.5549210030004638
Greta Thunberg,RT @anniefryman: San Francisco subsidizes street parking  for personal vehicles to the tune of $800 million per year. https://t.co/KFn1wAsC‚Ä¶,-1.3565955572157626
Greta Thunberg,Pictures of Greta Thunberg are being used to shame office workers who use single-use plastic https://t.co/EosYzeXIJ4 via @yahooindia,1.5070136080825451
Greta Thunberg,RT @la_cates: A huge,0.23912698380647973
Greta Thunberg,RT @piersmorgan: Why are they turning her into Vladimir Putin? https://t.co/LNJFUqa7io,-1.3682614126964237
Greta Thunberg,RT @walletcheck: liberals have decided that the only necessary measure to stop climate change is to appease the child god Greta with idolat‚Ä¶,0.6638606958158281
Greta Thunberg,RT @inthecopa: Patriots! Don‚Äôt be triggered! It‚Äôs only SF ‚Äî s__thole sanctuary slum.,-0.013108748019396032
Greta Thunberg,RT @walletcheck: liberals have decided that the only necessary measure to stop climate change is to appease the child god Greta with idolat‚Ä¶,-0.24416327012987893
Greta Thunberg,RT @MatthewACherry: I‚Äôm waiting on the @LittleMissFlint mural myself https://t.co/wp9MvLT5Df,1.5105006531005545
climatechange,post the text here,1.2430185266820677
climatechange,post the text here,-0.4815473019692604
Greta Thunberg,RT @ConservaMomUSA: Thank you @POTUS @realDonaldTrump for giving #GretaThunberg‚Äôs angsty,0.17759892971971478
Greta Thunberg,RT @GretaThunberg: Today at 11:30 I and 15 other children from around the world filed a legal complaint against 5 nations over the climate‚Ä¶,-1.178472325609653
Greta Thunberg,RT @JoeTalkShow: Greta Thunberg is a tool of the left and her parents and community are allowing her to be used as a puppet.  She didn't st‚Ä¶,-0.6336630978530232
Greta Thunberg,"RT @kylegriffin1: Greta Thunberg at #UNGA: ""This is all wrong. I shouldn‚Äôt be up here. I should be in school on the other side of the ocean‚Ä¶",-1.0504800814725297
Greta Thunberg,RT @adamcbest: When conservatives attack young activists like David Hogg and Greta Thunberg what they are really saying is ‚ÄúHey,-1.0828030089934673
Greta Thunberg,RT @Rschooley: Weird how some people who have a conniption if even the name of Trump's youngest son is mentioned in a tweet seem pretty oka‚Ä¶,-0.4523795621451593
Greta Thunberg,RT @RealCandaceO: One day,-2.245175510389042
Greta Thunberg,RT @DogginTrump: All you #MAGA assholes attacking young activists like David Hogg &amp; Greta Thunberg,0.11535316155816647
Greta Thunberg,"RT @CBSNews: Greta Thunberg to world leaders: ""You are still not mature enough to tell it like it is. You are failing us. Young people are‚Ä¶",0.2927354469406854
Greta Thunberg,RT @RealCandaceO: One day,-0.6596123227774734
Greta Thunberg,RT @JohnWHuber: I don‚Äôt care if she‚Äôs 16. Greta Thunberg is woefully uninformed about energy &amp; climate,-2.2131027435904964
Greta Thunberg,RT @WIRED: ‚ÄùPeople are suffering,-2.077926953098141
Greta Thunberg,RT @JenAshleyWright: Well,-1.3771346001925862
Greta Thunberg,"RT @evanmcmurry: Greta Thunberg to world leaders at #UNGA summit: ""We are at the beginning of a mass extinction and all you can talk about‚Ä¶",0.4861000059508269
Greta Thunberg,RT @SenWhitehouse: At some point,1.137707528903045
Greta Thunberg,RT @RepAdamSchiff: Greta Thunberg,0.015589737591750091
Greta Thunberg,RT @TXTrumpette89: SURPRISE! The Official Escort for 16-Year-Old Global Warming ‚ÄòExpert‚Äô Greta Thunberg Is a Leftist Hack Funded by George‚Ä¶,2.5798036310920027
Greta Thunberg,RT @w_terrence: WHY EXPLOIT CHILDREN? ,0.1421683185962272
Greta Thunberg,RT @tonyposnanski: Fuck every single dumbfuck adult who attacks Greta Thunberg,0.7685711715041434
Greta Thunberg,RT @prageru: Despicable. ,-1.0122591006201431
 like Greta Thunberg, that climate change is going to kill them and everyone they‚Ä¶,1.332149156526603
Greta Thunberg,RT @w_terrence: WHY EXPLOIT CHILDREN? ,-0.2625231489479922
Greta Thunberg,RT @JordanUhl: Holy shit,0.8680933913934161
Greta Thunberg,RT @RepAdamSchiff: Greta Thunberg,0.3904003287526972
Greta Thunberg,RT @ProudResister: Trump: ‚ÄúClimate change is a hoax.‚Äù,-0.22504540381709653
Greta Thunberg,RT @WIRED: ‚ÄùPeople are suffering,-1.1869857419452972
Greta Thunberg,RT @DavidWinterA: Greta Thunberg deserves the Nobel Peace Prize. After seeing Trump walk out of the Climate Change Meeting and walk past he‚Ä¶,-0.44729453326546476
Greta Thunberg,RT @WIRED: ‚ÄùPeople are suffering,-2.029271616298954
Greta Thunberg,Swedish Teen Greta Thunberg Screams at World Leaders at UN Climate Summit,0.027855189018588297
Greta Thunberg,RT @_SJPeace_: Greta Thunberg,0.8197499530089891
Greta Thunberg,RT @RealCandaceO: One day,-0.4111836092257211
Greta Thunberg,RT @WayneDupreeShow: Where are this child's parents? People are calling this abuse. What say you? ,-0.8072296803931758
Greta Thunberg,RT @JordanUhl: Holy shit,0.4696098797841749
Greta Thunberg,RT @TheCrushedBones: Wherever Greta Thunberg goes,-2.1389320437255646
Greta Thunberg,RT @FredrikSewell: Anyone who‚Äôs got a problem with Greta Thunberg can pretty much fuck off.,0.812551432461437
Greta Thunberg,RT @RealCandaceO: One day,0.5865866476887625
Greta Thunberg,RT @OliverMcGee: Retweet #GretaThunberg is a #ClimateChange Actor Play Acting at @UN!,-0.9875517521963952
Greta Thunberg,RT @NBCNews: WATCH: Greta Thunberg passionately shares her message to world leaders at #UNGA:,-0.20089708037393067
Greta Thunberg,RT @RealCandaceO: One day,2.3304573288721744
Greta Thunberg,RT @debbie_marney41: @Bill_Maxwell_ @EileenMarieSar1 #GRETA says ‚ÄúHow Dare YOU!‚Äù,-0.09574607103619795
Greta Thunberg,RT @MyDaughtersArmy: We are all Greta Thunberg.,-1.6435496037035544
Greta Thunberg,RT @GretaThunberg: ‚ÄúPeople are suffering. People are dying. Entire ecosystems are collapsing. We are in the beginning of a mass extinction.‚Ä¶,0.07785688118288278
Greta Thunberg,"RT @CNN: ""You have stolen my dreams and my childhood with your empty words",-0.7670024097283124
Greta Thunberg,RT @girlsreallyrule: Here is 84 year-old anthropologist Jane Goodall with 16 year-old climate activist Greta Thunberg at an event in Switze‚Ä¶,0.431866017522037
Greta Thunberg,RT @JordanUhl: Here's 55-year-old @greggutfeld absolutely losing his shit over Greta Thunberg,-0.9121445625461548
Greta Thunberg,RT @TXTrumpette89: SURPRISE! The Official Escort for 16-Year-Old Global Warming ‚ÄòExpert‚Äô Greta Thunberg Is a Leftist Hack Funded by George‚Ä¶,-1.6817232942678464
Greta Thunberg,RT @ValerieComplex: I hope the same energy given to Greta Thunberg is the same energy you give to Little Miss Flint because Flint still wit‚Ä¶,0.8169473170040286
Greta Thunberg,RT @redsteeze: When you hide behind teenage kids like David Hogg and Greta Thunberg and use them for human shields like you are now,-0.254662866570886
Greta Thunberg,RT @TIME: Greta Thunberg to world leaders at the U.N. climate summit: ‚ÄúYou have stolen my dreams and my childhood with your empty words‚Äù ht‚Ä¶,0.8793332208536524
Greta Thunberg,RT @RealCandaceO: One day,-0.4430655360687536
Greta Thunberg,RT @ProudResister: Trump: ‚ÄúClimate change is a hoax.‚Äù,-0.32044579836351333
Greta Thunberg,RT @BeckyBunzy: Greta Thunberg was nominated for the Nobel Peace Prize. The winner will be announced on October 11th.,-0.5829520325196618
Greta Thunberg,RT @AngelaBelcamino: Greta Thunberg is all of us. https://t.co/FnSx7xTc1p,-0.054863637719687705
Greta Thunberg,RT @SethMacFarlane: She‚Äôs 1000% correct. What‚Äôs being advocated is not new. It‚Äôs the accelerated wholesale transformation of an entire indu‚Ä¶,1.8202201567941279
Greta Thunberg,RT @amandaottaway: Teen climate activist Greta Thunberg,0.9441437560369776
Greta Thunberg,RT @C_3C_3: So let me get this straight.,-0.5614280050295171
Greta Thunberg,RT @_SJPeace_: Greta Thunberg,0.0670540159350257
Greta Thunberg,"RT @nytimes: Greta Thunberg speaks at the UN climate summit: ""You all come to us young people for hope? How dare you!""",0.1647759194150849
Greta Thunberg,RT @prageru: Despicable. ,-0.4282783957905133
 like Greta Thunberg, that climate change is going to kill them and everyone they‚Ä¶,0.8960599022376917
Greta Thunberg,RT @uhshanti: it's depressing to see Greta Thunberg treated the same way Malala Yousafzai was -- f√™ted and fawned over,0.4971768422969075
Greta Thunberg,RT @w_terrence: WHY EXPLOIT CHILDREN? ,1.3986646521101578
Greta Thunberg,RT @RepAdamSchiff: Greta Thunberg,-1.078881477460015
Greta Thunberg,RT @tonyposnanski: Fuck every single dumbfuck adult who attacks Greta Thunberg,-0.08631428420218414
Greta Thunberg,RT @_SJPeace_: This was Greta Thunberg 15,1.3891139245497746
Greta Thunberg,@Dangamipissed @sarahmquinlan @RobGeorge Sarah is in for a surprise when she learns there were a few million Gretas‚Ä¶ https://t.co/hrJk6mPRMw,0.5291186912851975
Greta Thunberg,"RT @nytimes: Greta Thunberg speaks at the UN climate summit: ""You all come to us young people for hope? How dare you!""",-1.711087095624465
Greta Thunberg,RT @Ian56789: Greta Thunberg's face after reading Ian56's evidence &amp; fact based thread on Global Warming / Climate Change.,-0.8587567466216377
Greta Thunberg,RT @ValerieComplex: I hope the same energy given to Greta Thunberg is the same energy you give to Little Miss Flint because Flint still wit‚Ä¶,1.2594961895898964
Greta Thunberg,RT @ValerieComplex: I hope the same energy given to Greta Thunberg is the same energy you give to Little Miss Flint because Flint still wit‚Ä¶,-2.4413202917919636
Greta Thunberg,RT @w_terrence: WHY EXPLOIT CHILDREN? ,-1.5783653080995126
Greta Thunberg,"RT @NPR: ""We are in the beginning of a mass extinction",0.7990289103018975
Greta Thunberg,RT @redsteeze: When you hide behind teenage kids like David Hogg and Greta Thunberg and use them for human shields like you are now,-0.18819964142609352
Greta Thunberg,RT @TIME: Greta Thunberg to world leaders at the U.N. climate summit: ‚ÄúYou have stolen my dreams and my childhood with your empty words‚Äù ht‚Ä¶,-0.11679476768495213
Greta Thunberg,"RT @CNN: ""You have stolen my dreams and my childhood with your empty words",0.36596661207376435
Greta Thunberg,RT @nprpolitics: WATCH: Greta Thunberg delivered a stirring speech about climate change to world leaders at the United Nations. ,-0.20805688865190702
Greta Thunberg,RT @TIME: Greta Thunberg to world leaders at the U.N. climate summit: ‚ÄúYou have stolen my dreams and my childhood with your empty words‚Äù ht‚Ä¶,1.5748616918413547
Greta Thunberg,RT @WordswithSteph: Swedish climate change activist Greta Thunberg has been nominated for the Nobel Peace Prize ,-0.07593704943767489
Greta Thunberg,RT @sbstryker: Greta Thunberg‚Äôs glare at Donald Trump is giving me the energy to get through this Monday https://t.co/xdM0rdI2ln,0.508101738360614
Greta Thunberg,RT @AdamBandt: The climate criminals who lead us,-2.012542016123542
Greta Thunberg,RT @kate_manne: Giving hope,-0.1342944081671465
Greta Thunberg,RT @Liz_Wheeler: Trump ignores Greta Thunberg. ü§£üá∫üá∏ https://t.co/phY7lKfbHj,-0.07963307862315293
Greta Thunberg,RT @RepAdamSchiff: Greta Thunberg,-0.49286594025440494
Greta Thunberg,"RT @kylegriffin1: Greta Thunberg at #UNGA: ""This is all wrong. I shouldn‚Äôt be up here. I should be in school on the other side of the ocean‚Ä¶",-0.02104898549309217
Greta Thunberg,"RT @CNN: ""You have stolen my dreams and my childhood with your empty words",-0.030951738318865645
Greta Thunberg,RT @RealSaavedra: This speech by far-left activist Greta Thunberg is absolute madness https://t.co/RFyIPZlajQ,1.3740712447823809
Greta Thunberg,"RT @thehill: WATCH: Greta Thunberg tears into world leaders for inaction on climate change at UN summit: ""How dare you"" https://t.co/xrMpNF‚Ä¶",0.5404400615670854
Greta Thunberg,RT @RepAdamSchiff: Greta Thunberg,0.8662015612304256
Greta Thunberg,"RT @kylegriffin1: Greta Thunberg at #UNGA: ""This is all wrong. I shouldn‚Äôt be up here. I should be in school on the other side of the ocean‚Ä¶",1.2606070079673912
Greta Thunberg,RT @GretaThunberg: Today at 11:30 I and 15 other children from around the world filed a legal complaint against 5 nations over the climate‚Ä¶,-2.090886468423086
Greta Thunberg,RT @AnnOlivarius: So rare to see a girl (not to mention a woman) so utterly devoid of any desire to please,0.44538434194295223
Greta Thunberg,RT @JordanUhl: Holy shit,1.3550955773094508
Greta Thunberg,RT @TheBabylonBee: Marionette Strings Clearly Visible During Greta Thunberg Testimony,-0.8322169451098839
Greta Thunberg,RT @bearshrugged: I was not going to do this as I do not like too personal information on the internet,-0.3174512214187769
Greta Thunberg,RT @RealCandaceO: One day,-0.39090076176389693
Greta Thunberg,RT @Reuters: 'How dare you? You have stolen my dreams and my childhood.' - Greta Thunberg addresses the UN https://t.co/fednieolmr https://‚Ä¶,-0.7231366211658481
Greta Thunberg,RT @cmclymer: It turns out Greta Thunberg is also one hell of a writer. Damn. https://t.co/XSAfuliQpQ,-1.6936771807705977
Greta Thunberg,"RT @kylegriffin1: Greta Thunberg at #UNGA: ""This is all wrong. I shouldn‚Äôt be up here. I should be in school on the other side of the ocean‚Ä¶",0.06589592484683947
Greta Thunberg,RT @WIRED: ‚ÄùPeople are suffering,-1.2913701804690596
Greta Thunberg,RT @Condor_Law: 15 children and #GretaThunberg &amp; File a ‚ÄúClimate Complaint‚Äù Against 5 Countries (Not China) in UN - all financed by #Soros!‚Ä¶,-0.05970067841336693
Greta Thunberg,RT @voguemagazine: ‚ÄúWe are in the beginning of a mass extinction,0.8606184344252968
Greta Thunberg,RT @GretaThunberg: ‚ÄúPeople are suffering. People are dying. Entire ecosystems are collapsing. We are in the beginning of a mass extinction.‚Ä¶,0.6263446077484905
Greta Thunberg,RT @SethMacFarlane: She‚Äôs 1000% correct. What‚Äôs being advocated is not new. It‚Äôs the accelerated wholesale transformation of an entire indu‚Ä¶,-0.6660396177336705
Greta Thunberg,RT @timjacobwise: You can't have it both ways. You can't attack young folk for being self-absorbed &amp; only concerned about makeup tutorials,0.13308127515885942
Greta Thunberg,RT @TIME: Greta Thunberg to world leaders at the U.N. climate summit: ‚ÄúYou have stolen my dreams and my childhood with your empty words‚Äù ht‚Ä¶,0.8137367042267376
Greta Thunberg,RT @StefanMolyneux: Oh lord above.,-0.4421791930401936
Greta Thunberg,RT @Liz_Wheeler: Trump ignores Greta Thunberg. ü§£üá∫üá∏ https://t.co/phY7lKfbHj,-1.2903466168756468
Greta Thunberg,RT @murrayb560sl: Question:,0.13102428294019233
Greta Thunberg,RT @JordanUhl: Holy shit,1.4716433363863664
Greta Thunberg,"RT @NPR: ""We are in the beginning of a mass extinction",-0.053029663262054244
Greta Thunberg,RT @ValerieComplex: I hope the same energy given to Greta Thunberg is the same energy you give to Little Miss Flint because Flint still wit‚Ä¶,0.41226881413149963
Greta Thunberg,RT @WIRED: ‚ÄùPeople are suffering,-1.9902405248697312
Greta Thunberg,RT @FredrikSewell: Anyone who‚Äôs got a problem with Greta Thunberg can pretty much fuck off.,0.6362377527244476
Greta Thunberg,"RT @CNN: ""You have stolen my dreams and my childhood with your empty words",-0.2557150713659468
Greta Thunberg,RT @TIME: Greta Thunberg to world leaders at the U.N. climate summit: ‚ÄúYou have stolen my dreams and my childhood with your empty words‚Äù ht‚Ä¶,-0.3088335383245441
Greta Thunberg,RT @girlsreallyrule: Here is 84 year-old anthropologist Jane Goodall with 16 year-old climate activist Greta Thunberg at an event in Switze‚Ä¶,1.5611876580027688
Greta Thunberg,RT @GrahamAllen_1: BREAKING:,-0.6362359905422174
Greta Thunberg,RT @LoriCardille: I dedicate this photo to Greta Thunberg. I call it DEFIANCE.  You are amazing Greta and we are with you. Thank you for be‚Ä¶,0.6373440278295076
Greta Thunberg,RT @MyDaughtersArmy: We are all Greta Thunberg.,-0.6983574635972064
Greta Thunberg,RT @ResisterSiano: Raise your hand if you think Greta Thunberg is more intelligent than every member of the GOP.,-2.330094552039264
Greta Thunberg,RT @TwitterMoments: ‚ÄúWe are in the beginning of a mass extinction and all you can talk about is money,0.7272035199809715
Greta Thunberg,RT @GretaThunberg: Today at 11:30 I and 15 other children from around the world filed a legal complaint against 5 nations over the climate‚Ä¶,-0.3474492181842009
Greta Thunberg,RT @FredrikSewell: Anyone who‚Äôs got a problem with Greta Thunberg can pretty much fuck off.,-0.15627446757097452
Greta Thunberg,RT @FredrikSewell: Anyone who‚Äôs got a problem with Greta Thunberg can pretty much fuck off.,-1.0063221878056783
Greta Thunberg,RT @RealCandaceO: One day,-1.6358100546512464
Greta Thunberg,RT @WIRED: ‚ÄùPeople are suffering,1.4904662738485048
Greta Thunberg,RT @TheMominatrixx: GOP: 16-year-old girls are very mature; they can legally consent to sex + get married,0.07330118093249162
Greta Thunberg,RT @CarmineSabia: President Donald Trump walks past Greta Thunberg because he does not bow to 16 year olds. https://t.co/4m9VGMz8CD,0.0065526110942257555
Greta Thunberg,RT @SketchesbyBoze: I want men to know they can be tender and sensitive and soft like Sufjan Stevens and women to know they can be bold and‚Ä¶,0.7542163740324757
Greta Thunberg,RT @SethMacFarlane: She‚Äôs 1000% correct. What‚Äôs being advocated is not new. It‚Äôs the accelerated wholesale transformation of an entire indu‚Ä¶,-1.7475940180894862
Greta Thunberg,RT @ValerieComplex: I hope the same energy given to Greta Thunberg is the same energy you give to Little Miss Flint because Flint still wit‚Ä¶,-1.4751975901082064
Greta Thunberg,"RT @TIME: ""You have stolen my dreams and my childhood"": Greta Thunberg gives powerful speech at UGNA climate summit https://t.co/wTnCS8wy38",1.4445754471044456
Greta Thunberg,RT @B52Malmet: If you haven‚Äôt seen this moment,-0.5521596387563671
Greta Thunberg,RT @TIME: Greta Thunberg to world leaders at the U.N. climate summit: ‚ÄúYou have stolen my dreams and my childhood with your empty words‚Äù ht‚Ä¶,-2.769110996283254
Greta Thunberg,RT @DSA_Enviro: Greta Thunberg spits fiery truths directly at those who are responsible for continuing to enable the climate crisis,0.2939241364649281
Greta Thunberg,RT @GretaThunberg: ‚ÄúPeople are suffering. People are dying. Entire ecosystems are collapsing. We are in the beginning of a mass extinction.‚Ä¶,0.3889233475902916
Greta Thunberg,RT @adamcbest: When conservatives attack young activists like David Hogg and Greta Thunberg what they are really saying is ‚ÄúHey,-1.4629602655880976
Greta Thunberg,RT @MarkDice: This brat Greta Thunberg makes me want to start dumping my trash in the ocean  https://t.co/HJIR3pDkpH,0.48099677107579436
Greta Thunberg,RT @stonecold2050: Greta Thunberg glares at the Idiot arriving at United Nations after scolding international politicians over climate chan‚Ä¶,-1.3748174914797928
Greta Thunberg,RT @CollinRogg: Democrats are now installing whiny little brats like Greta Thunberg (@GretaThunberg) to promote their far-left politicized‚Ä¶,-1.2680065192612282
Greta Thunberg,RT @_SJPeace_: Greta Thunberg,-0.31763303246220337
Greta Thunberg,RT @WordswithSteph: #MoscowMitch Marathon ,-1.945174772990789
Greta Thunberg,RT @RealSaavedra: This speech by far-left activist Greta Thunberg is absolute madness https://t.co/RFyIPZlajQ,1.0777642241266439
Greta Thunberg,RT @WIRED: ‚ÄùPeople are suffering,0.17158476311678597
Greta Thunberg,RT @sbstryker: Greta Thunberg‚Äôs glare at Donald Trump is giving me the energy to get through this Monday https://t.co/xdM0rdI2ln,0.6395549474031864
Greta Thunberg,RT @RealCandaceO: One day,1.2744648504087075
Greta Thunberg,RT @eugenegu: Adults attacking Greta Thunberg and David Hogg is totally on brand with these same adults destroying the planet for money and‚Ä¶,-0.06056225687100248
Greta Thunberg,RT @eugenegu: Adults attacking Greta Thunberg and David Hogg is totally on brand with these same adults destroying the planet for money and‚Ä¶,-0.012663516726548116
Greta Thunberg,RT @_SJPeace_: Greta Thunberg,-0.08628876289145199
Greta Thunberg,"RT @AuthorKimberley: ""On Monday",-1.3991171823244903
Greta Thunberg,RT @GretaThunberg: Today at 11:30 I and 15 other children from around the world filed a legal complaint against 5 nations over the climate‚Ä¶,-1.0891790285215366
Greta Thunberg,"RT @nytimes: Greta Thunberg speaks at the UN climate summit: ""You all come to us young people for hope? How dare you!""",0.22999818036448552
Greta Thunberg,RT @QBlueSkyQ: @realDonaldTrump UN was founded by Communists &amp; #CFR members whose goal is a socialist one world government #NWO,0.15111673232779763
Greta Thunberg,RT @Slate: ‚ÄúYou are failing us. But the young people are starting to understand your betrayal.‚Äù https://t.co/DHlmE3Pzn3,-0.07873913189722855
Greta Thunberg,WATCH: Greta Thunberg's full speech to world leaders at UN Climate Action | https://t.co/qVfmeGV37b via @YouTube,-0.5544990555714
Greta Thunberg,RT @_SJPeace_: Greta Thunberg,0.2406432476924677
Greta Thunberg,RT @RealCandaceO: One day,-0.2524465183456609
Greta Thunberg,RT @sbstryker: Greta Thunberg‚Äôs glare at Donald Trump is giving me the energy to get through this Monday https://t.co/xdM0rdI2ln,-0.8167021297132704
Greta Thunberg,RT @adamcbest: When conservatives attack young activists like David Hogg and Greta Thunberg what they are really saying is ‚ÄúHey,0.30172966079739666
Greta Thunberg,RT @GretaThunberg: ‚ÄúPeople are suffering. People are dying. Entire ecosystems are collapsing. We are in the beginning of a mass extinction.‚Ä¶,-0.46466052494380733
 like Greta Thunberg, that climate change is going to kill them and everyone they‚Ä¶,1.5832168723410387
Greta Thunberg,RT @MyDaughtersArmy: We are all Greta Thunberg.,0.5493783341855277
Greta Thunberg,"RT @CNN: ""You have stolen my dreams and my childhood with your empty words",-0.016049094910092362
Greta Thunberg,RT @1776Stonewall: psychotic Swedish teen climate freak,0.5410667595962495
Greta Thunberg,RT @Ian56789: Vomit!ü§Æü§Æü§Æ,-0.4978415666954914
Greta Thunberg,RT @_SJPeace_: Greta Thunberg,0.3228697127877487
Greta Thunberg,RT @TIME: Greta Thunberg to world leaders at the U.N. climate summit: ‚ÄúYou have stolen my dreams and my childhood with your empty words‚Äù ht‚Ä¶,2.946770913708135
Greta Thunberg,RT @WIRED: ‚ÄùPeople are suffering,-1.8610574121706707
Greta Thunberg,RT @TPoppaPuff: @CarpeDonktum @realDonaldTrump Do all Swedish girls sound like a movie from the 40's or is it just the brainwashed ones?‚Ä¶,-0.2655374026053088
Greta Thunberg,RT @MohamedMOSalih: All in favour of Greta Thunberg for the Nobel Peace Prize üôã‚Äç‚ôÇÔ∏è,-1.1578392568195792
Greta Thunberg,RT @FredrikSewell: Anyone who‚Äôs got a problem with Greta Thunberg can pretty much fuck off.,0.4607173559103361
Greta Thunberg,"RT @kylegriffin1: Greta Thunberg at #UNGA: ""This is all wrong. I shouldn‚Äôt be up here. I should be in school on the other side of the ocean‚Ä¶",-0.38789771112836674
Greta Thunberg,RT @gatewaypundit: MUST SEE: Green Teen Greta Thunberg Caught SCOWLING as Trump Upstages Her at UN (Video) https://t.co/TBuzjxNrPp via @gat‚Ä¶,-1.492412438736126
Greta Thunberg,RT @ValerieComplex: I hope the same energy given to Greta Thunberg is the same energy you give to Little Miss Flint because Flint still wit‚Ä¶,0.5635880687851327
Greta Thunberg,RT @girlsreallyrule: Here is 84 year-old anthropologist Jane Goodall with 16 year-old climate activist Greta Thunberg at an event in Switze‚Ä¶,0.8074201224111979
Greta Thunberg,RT @sbstryker: Greta Thunberg‚Äôs glare at Donald Trump is giving me the energy to get through this Monday https://t.co/xdM0rdI2ln,-0.34045367500898704
Greta Thunberg,RT @JohnWHuber: I don‚Äôt care if she‚Äôs 16. Greta Thunberg is woefully uninformed about energy &amp; climate,-0.8086227667628874
Greta Thunberg,"RT @CNN: ""You have stolen my dreams and my childhood with your empty words",-2.2059906642559737
Greta Thunberg,RT @funder: ‚ÄùPeople are suffering,0.19042338033793385
Greta Thunberg,"RT @ABC: Swedish climate activist Greta Thunberg at #UNGA: ""This is all wrong...You all come to us young people for hope. How dare you! You‚Ä¶",-1.6194486976957139
Greta Thunberg,"RT @CNN: ""You have stolen my dreams and my childhood with your empty words",-0.6701521581762557
Greta Thunberg,"RT @HuffPost: ""How dare you!"" Teen climate activist Greta Thunberg went after world leaders at the United Nations climate action summit. #C‚Ä¶",-0.9137216220755477
Greta Thunberg,RT @w_terrence: WHY EXPLOIT CHILDREN? ,-1.4657015554855035
Greta Thunberg,RT @Nicoxw1: EMMY AWARD,0.7003539270756654
Greta Thunberg,"Greta Thunberg At UN Climate Summit Thunders: ""How Dare You?"" - https://t.co/JWVvsQLpE4 via @Shareaholic",-1.1149827009449673
Greta Thunberg,RT @w_terrence: WHY EXPLOIT CHILDREN? ,1.0537050903090244
Greta Thunberg,RT @GrahamAllen_1: BREAKING:,0.3708316959059249
Greta Thunberg,RT @EdgeCGroup: And my favorite GIF of the day goes to @realDonaldTrump ü§î ü§£ #Trump  #Trump2020Landslide #GretaThunberg #ClimateActionSummit‚Ä¶,-0.5551065453322935
Greta Thunberg,RT @timjacobwise: You can't have it both ways. You can't attack young folk for being self-absorbed &amp; only concerned about makeup tutorials,-1.7110250372817744
Greta Thunberg,RT @_SJPeace_: This was Greta Thunberg 15,1.131591695802158
Greta Thunberg,RT @KanielaIng: ‚ÄúPeople are dying. Entire ecosystems are collapsing.,0.3029217776461724
Greta Thunberg,RT @SenWhitehouse: Worse still,0.03274008423011338
Greta Thunberg,RT @mmpadellan: The Climate Change Denier in Chief wants a Nobel Peace Prize,-0.08487041151995317
Greta Thunberg,Greta Thunberg to world leaders: 'How dare you? You have stolen my dreams and my childhood' https://t.co/2hYAHserR7,-1.047938145796988
Greta Thunberg,"RT @kylegriffin1: Greta Thunberg at #UNGA: ""This is all wrong. I shouldn‚Äôt be up here. I should be in school on the other side of the ocean‚Ä¶",-0.2543534046424561
Greta Thunberg,RT @ValerieComplex: I hope the same energy given to Greta Thunberg is the same energy you give to Little Miss Flint because Flint still wit‚Ä¶,-2.117680513820713
Greta Thunberg,"RT @thehill: WATCH: Greta Thunberg tears into world leaders for inaction on climate change at UN summit: ""How dare you"" https://t.co/xrMpNF‚Ä¶",-5.1152938714382465e-05
Greta Thunberg,RT @CNN: Swedish climate activist Greta Thunberg and 15 other young people have filed a complaint with the UN alleging that five of the wor‚Ä¶,-0.05986284104183361
Greta Thunberg,RT @jephjacques: Greta Thunberg is quite literally speaking truth to power and every shitty old white person on the planet is mad that she‚Ä¶,-0.046595062531025765
Greta Thunberg,RT @Winston8Smith: ‚ÄúThe Old Ones say the women will lead the healing among the tribes. Inside them are the powers of love and strength give‚Ä¶,-0.4225004378412272
Greta Thunberg,RT @Brigid_Ire: @TheCrushedBones Pope Francis and Greta Thunberg's  new commandments....lol... https://t.co/sm9n8snXN6,-0.23962309737129242
Greta Thunberg,RT @TIME: Greta Thunberg to world leaders at the U.N. climate summit: ‚ÄúYou have stolen my dreams and my childhood with your empty words‚Äù ht‚Ä¶,0.12332668782755518
Greta Thunberg,RT @TwitterMoments: ‚ÄúWe are in the beginning of a mass extinction and all you can talk about is money,-0.2792200376436889
Greta Thunberg,RT @MyDaughtersArmy: We are all Greta Thunberg.,0.543646185080206
Greta Thunberg,RT @w_terrence: WHY EXPLOIT CHILDREN? ,0.14058124299334435
Greta Thunberg,RT @1776Stonewall: psychotic Swedish teen climate freak,-0.8706954677871784
Greta Thunberg,RT @TheSpeaker2018: ü§£ Greta Thunberg looked a little pissed off when @POTUS stole her limelight..,0.6736200881526505
Greta Thunberg,RT @prageru: Despicable. ,0.7256689504552738
Greta Thunberg,RT @CBCNews: Teenage climate change activist Greta Thunberg opened the United Nations Climate Action Summit with an angry condemnation of w‚Ä¶,0.6507498169088632
Greta Thunberg,RT @FredrikSewell: Anyone who‚Äôs got a problem with Greta Thunberg can pretty much fuck off.,0.1913429298608663
Greta Thunberg,RT @CarmineSabia: President Donald Trump walks past Greta Thunberg because he does not bow to 16 year olds. https://t.co/4m9VGMz8CD,-0.8163193149561364
Greta Thunberg,RT @WIRED: ‚ÄùPeople are suffering,-1.3616100834293297
Greta Thunberg,RT @RealCandaceO: One day,2.541559437321059
Greta Thunberg,RT @ResisterSiano: Raise your hand if you think Greta Thunberg is more intelligent than every member of the GOP.,-2.1932770844424807
Greta Thunberg,RT @TIME: Greta Thunberg to world leaders at the U.N. climate summit: ‚ÄúYou have stolen my dreams and my childhood with your empty words‚Äù ht‚Ä¶,-0.5126126643933658
Greta Thunberg,RT @FredrikSewell: Anyone who‚Äôs got a problem with Greta Thunberg can pretty much fuck off.,0.8793504437964044
Greta Thunberg,RT @_SJPeace_: Greta Thunberg,-1.855420597103199
Greta Thunberg,RT @KaivanShroff: Watching countless Republican men over 40 bully Greta Thunberg ‚Äî a 16-year-old girl with Aspergers who is literally broug‚Ä¶,0.3496749112202833
Greta Thunberg,RT @KaivanShroff: Watching countless Republican men over 40 bully Greta Thunberg ‚Äî a 16-year-old girl with Aspergers who is literally broug‚Ä¶,-1.7246969652223187
Greta Thunberg,RT @TIME: Greta Thunberg to world leaders at the U.N. climate summit: ‚ÄúYou have stolen my dreams and my childhood with your empty words‚Äù ht‚Ä¶,0.5289082673637984
Greta Thunberg,RT @ProudResister: Trump: ‚ÄúClimate change is a hoax.‚Äù,-1.0412966477072714
Greta Thunberg,RT @mitchellvii: SO I'M JUST ASSUMING SHE SWAM TO AMERICA? Far-Left Climate Extremist Greta Thunberg Snaps: ‚ÄòWe Are In The Beginning Of A M‚Ä¶,-0.31419108027875603
Greta Thunberg,RT @Palle_Hoffstein: It's hard to describe the importance of Greta Thunberg here in Sweden. Swedes are incredibly proud of her while also b‚Ä¶,0.2189025212578753
Greta Thunberg,RT @MrAndyNgo: Greta Thunberg,0.6964522073918037
Greta Thunberg,RT @w_terrence: WHY EXPLOIT CHILDREN? ,-1.0946610861242796
Greta Thunberg,RT @itsJeffTiedrich: Q: what's one thing Greta Thunberg has that Donald Trump doesn't?,-0.34911858789314737
Greta Thunberg,RT @redsteeze: When you hide behind teenage kids like David Hogg and Greta Thunberg and use them for human shields like you are now,0.897044820365135
Greta Thunberg,RT @GretaThunberg: Today at 11:30 I and 15 other children from around the world filed a legal complaint against 5 nations over the climate‚Ä¶,1.4877238842269034
Greta Thunberg,RT @adamcbest: When conservatives attack young activists like David Hogg and Greta Thunberg what they are really saying is ‚ÄúHey,1.4412543687981538
Greta Thunberg,RT @GretaThunberg: ‚ÄúPeople are suffering. People are dying. Entire ecosystems are collapsing. We are in the beginning of a mass extinction.‚Ä¶,1.6944987621631844
Greta Thunberg,RT @goldengateblond: Congratulations to Greta Thunberg,1.6762140954090956
Greta Thunberg,RT @TrumpsGAGirl: Wonder if this brainwashed pawn for the Left,1.6006567750413672
Greta Thunberg,RT @docrocktex26: Greta Thunberg Delivered A Powerful Speech Then Shot Trump A Death Stare At The UN Climate Summit https://t.co/9ChtbybX3M‚Ä¶,0.13875480857164513
Greta Thunberg,"RT @thehill: WATCH: Greta Thunberg tears into world leaders for inaction on climate change at UN summit: ""How dare you"" https://t.co/xrMpNF‚Ä¶",-0.23840650161281537
Greta Thunberg,RT @w_terrence: WHY EXPLOIT CHILDREN? ,1.0288982518835286
Greta Thunberg,"RT @ABC: Swedish climate activist Greta Thunberg at #UNGA: ""This is all wrong...You all come to us young people for hope. How dare you! You‚Ä¶",0.11188950810549995
Greta Thunberg,"RT @CNN: ""You have stolen my dreams and my childhood with your empty words",1.8883119151109926
Greta Thunberg,RT @BuckSexton: So weird how the ‚Äúcant criticize kids rule‚Äù that the media enforces with dictatorial resolve is applicable to Greta Thunber‚Ä¶,-1.3847588587774349
Greta Thunberg,RT @BuckSexton: So weird how the ‚Äúcant criticize kids rule‚Äù that the media enforces with dictatorial resolve is applicable to Greta Thunber‚Ä¶,-1.7084121584776892
Greta Thunberg,RT @stonecold2050: Greta Thunberg glares at the Idiot arriving at United Nations after scolding international politicians over climate chan‚Ä¶,1.150796259796488
Greta Thunberg,"RT @CNN: ""You have stolen my dreams and my childhood with your empty words",-1.0979679015363724
Greta Thunberg,RT @cnnbrk: Climate activist Greta Thunberg and 15 other young people file a human rights complaint with the United Nations against five co‚Ä¶,0.3704155567538076
Greta Thunberg,RT @molly_knight: The very worst men on the Internet are rightfully terrified of sixteen-year-old Greta Thunberg and it is glorious.,-0.8611558618283074
Greta Thunberg,"RT @AsteadWesley: Greta ""drag them sis"" Thunberg https://t.co/0jZHQ9DN1l",-0.3373896373756179
Greta Thunberg,RT @TheMominatrixx: GOP: 16-year-old girls are very mature; they can legally consent to sex + get married,0.3015751609564344
Greta Thunberg,RT @WIRED: ‚ÄùPeople are suffering,0.00256564616971767
Greta Thunberg,RT @Bolt_RSS: GRETA THUNBERG'S MAD SPEECH APPLAUDED BY HYSTERICS. HOW DARE THEY?  #auspol https://t.co/utpLzeXCO4,0.655929995965162
Greta Thunberg,RT @justcalma: Small island nations are charging forward w/ climate action and calling on others to follow their lead,-0.48034060556184405
Greta Thunberg,RT @GretaThunberg: ‚ÄúPeople are suffering. People are dying. Entire ecosystems are collapsing. We are in the beginning of a mass extinction.‚Ä¶,0.18124053514274546
Greta Thunberg,RT @w_terrence: WHY EXPLOIT CHILDREN? ,1.2405278109275246
Greta Thunberg,RT @ProudResister: Trump: ‚ÄúClimate change is a hoax.‚Äù,0.45436762274403997
Greta Thunberg,RT @DrGJackBrown: Donald Trump is afraid of #GretaThunberg. He fears her. He's afraid of being in the same room with her. He knows the publ‚Ä¶,0.6671513063378707
Greta Thunberg,"RT @thehill: WATCH: Greta Thunberg tears into world leaders for inaction on climate change at UN summit: ""How dare you"" https://t.co/xrMpNF‚Ä¶",0.4633766564473714
Greta Thunberg,"RT @ABC: Swedish climate activist Greta Thunberg at #UNGA: ""This is all wrong...You all come to us young people for hope. How dare you! You‚Ä¶",0.07019207644111566
Greta Thunberg,"RT @CNN: ""You have stolen my dreams and my childhood with your empty words",-0.9513409347003232
Greta Thunberg,RT @FindingTarshish: Everyone who is attacking #GretaThunberg: Have you ever watched your future burn in front of your eyes,-0.37784738193437656
Greta Thunberg,RT @cnnbrk: Climate activist Greta Thunberg and 15 other young people file a human rights complaint with the United Nations against five co‚Ä¶,0.2790830720770963
Greta Thunberg,"RT @CNN: ""You have stolen my dreams and my childhood with your empty words",-0.16401138429466489
Greta Thunberg,RT @RealCandaceO: One day,0.17796011527062508
Greta Thunberg,RT @MyDaughtersArmy: We are all Greta Thunberg.,-0.14246446788241174
Greta Thunberg,RT @TwitterMoments: ‚ÄúWe are in the beginning of a mass extinction and all you can talk about is money,1.3356191884629522
Greta Thunberg,RT @TIME: Greta Thunberg to world leaders at the U.N. climate summit: ‚ÄúYou have stolen my dreams and my childhood with your empty words‚Äù ht‚Ä¶,0.03925804964975021
Greta Thunberg,RT @w_terrence: WHY EXPLOIT CHILDREN? ,0.913606012311509
Greta Thunberg,RT @SBSNews: A video clip of US President Donald Trump walking past teen climate activist Greta Thunberg in the corridors of the United Nat‚Ä¶,0.21751842241578762
Greta Thunberg,RT @RealCandaceO: One day,2.111352458918373
Greta Thunberg,RT @Charitable_Fury: Totally BRAINWASHED! ‚Äî Climate change ‚Äúdarling‚Äù,1.2879637110328848
Greta Thunberg,RT @TIME: Greta Thunberg to world leaders at the U.N. climate summit: ‚ÄúYou have stolen my dreams and my childhood with your empty words‚Äù ht‚Ä¶,-0.7403237731868215
Greta Thunberg,RT @mmpadellan: The Climate Change Denier in Chief wants a Nobel Peace Prize,0.07268080447538498
Greta Thunberg,RT @NewYorker: Greta Thunberg speaks directly to world leaders at the U.N. Climate Action Summit. #UNGA https://t.co/JyMP5khECb,0.0967033908833759
Greta Thunberg,"RT @AuthorKimberley: ""On Monday",-0.45754605712058627
Greta Thunberg,RT @WordswithSteph: Old numbskulls taking potshots at a brilliant girl trying to save the world. Bullying,-0.31371477804936737
Greta Thunberg,"RT @kylegriffin1: Greta Thunberg at #UNGA: ""This is all wrong. I shouldn‚Äôt be up here. I should be in school on the other side of the ocean‚Ä¶",-0.4061003411220883
Greta Thunberg,RT @RealCandaceO: One day,0.7218375930900949
Greta Thunberg,This Greta Thunberg astroturfing is so twisted and cynical. It surprises even me. Imagine using an austistic child‚Ä¶ https://t.co/cU0FPGTRYT,0.7726702884342977
Greta Thunberg,RT @WordswithSteph: Old numbskulls taking potshots at a brilliant girl trying to save the world. Bullying,0.3810916876207205
Greta Thunberg,RT @JordanUhl: Holy shit,0.4914592350526689
Greta Thunberg,RT @jephjacques: Greta Thunberg is quite literally speaking truth to power and every shitty old white person on the planet is mad that she‚Ä¶,0.8591208381902748
Greta Thunberg,RT @kate_manne: Giving hope,2.1768267566353052
Greta Thunberg,RT @RealCandaceO: One day,0.20698692383875728
Greta Thunberg,The #Right - The left are bullying #GretaThunberg !,-1.0786879874474367
Greta Thunberg,RT @TIME: Greta Thunberg to world leaders at the U.N. climate summit: ‚ÄúYou have stolen my dreams and my childhood with your empty words‚Äù ht‚Ä¶,0.8237832191469502
Greta Thunberg,"RT @Kokomothegreat: ""HOW DARE YOU!"" üíô",0.5165061798977789
Greta Thunberg,RT @TIME: Greta Thunberg to world leaders at the U.N. climate summit: ‚ÄúYou have stolen my dreams and my childhood with your empty words‚Äù ht‚Ä¶,0.48993680031185305
Greta Thunberg,RT @MichaelSpring17: 16 year old Greta Thunberg made an inspiring,0.6604515776051841
Greta Thunberg,RT @MichaelSpring17: 16 year old Greta Thunberg made an inspiring,-2.3184914100888974
Greta Thunberg,@ethanparker99 @Wsep4765William It's such a simple message. When will the world see things with the clarity of‚Ä¶ https://t.co/DTZlKvabXe,0.2823212595418884
Greta Thunberg,RT @mmpadellan: The Climate Change Denier in Chief wants a Nobel Peace Prize,2.8911858333378277
Greta Thunberg,"RT @billmckibben: Big thanks to @GretaThunberg for straightforwardly taking on the ""fairytale of eternal economic growth.""",1.1078112245605274
Greta Thunberg,RT @Lateralist76: Greta Thunberg stares at a piece of human garbage with the withering contempt it deserves.  https://t.co/NompWNvQGC,1.5429620247681965
Greta Thunberg,RT @adamcbest: When conservatives attack young activists like David Hogg and Greta Thunberg what they are really saying is ‚ÄúHey,-2.858983361340379
Greta Thunberg,RT @adamcbest: When conservatives attack young activists like David Hogg and Greta Thunberg what they are really saying is ‚ÄúHey,0.2694643752596571
Greta Thunberg,"RT @michinara3: Greta Thunberg ""We are in the beginning of a mass extinction and all you can talk about is money and fairy tales of eternal‚Ä¶",-2.195451805377483
Greta Thunberg,RT @GrahamAllen_1: BREAKING:,-0.17604917695916
Greta Thunberg,RT @w_terrence: WHY EXPLOIT CHILDREN? ,0.7975050013247968
Greta Thunberg,RT @Padilla_Cury: @TheEconomist Climate Change? Or NWO dark agenda? #GretaThunberg https://t.co/1X8TjDyNCd,-0.10295129367663314
Greta Thunberg,RT @ResisterSiano: Raise your hand if you think Greta Thunberg is more intelligent than every member of the GOP.,1.3893672660118503
Greta Thunberg,RT @w_terrence: WHY EXPLOIT CHILDREN? ,0.4642206933351478
Greta Thunberg,RT @JesseFFerguson: Trump's wingers are FAR tougher on Greta Thunberg than they are on Vladimir Putin,-0.3989796717938109
Greta Thunberg,RT @ProudResister: Trump: ‚ÄúClimate change is a hoax.‚Äù,1.6535347174934478
Greta Thunberg,RT @WIRED: ‚ÄùPeople are suffering,1.9274756947544889
Greta Thunberg,RT @RepAdamSchiff: Greta Thunberg,0.2937282563484637
Greta Thunberg,"RT @kylegriffin1: Greta Thunberg at #UNGA: ""This is all wrong. I shouldn‚Äôt be up here. I should be in school on the other side of the ocean‚Ä¶",0.36131603687580677
Greta Thunberg,RT @GretaThunberg: Today at 11:30 I and 15 other children from around the world filed a legal complaint against 5 nations over the climate‚Ä¶,0.2240651642173408
Greta Thunberg,RT @JohnRMoffitt: ‚ÄúPeople are suffering. People are dying. Entire ecosystems are collapsing. We are in the beginning of a mass extinction.‚Ä¶,-0.21068592807747746
Greta Thunberg,RT @TIME: Greta Thunberg to world leaders at the U.N. climate summit: ‚ÄúYou have stolen my dreams and my childhood with your empty words‚Äù ht‚Ä¶,-0.03715016367161182
Greta Thunberg,RT @rdrhwke: Just curious. What makes her an expert to begin with? And why isn't she in China screaming at them? They're the worst polluter‚Ä¶,-1.6820967195519396
Greta Thunberg,RT @wharsmetoothpic: Greta Thunberg staring straight into Trump's dark,-1.7489818214487713
Greta Thunberg,RT @w_terrence: WHY EXPLOIT CHILDREN? ,-1.7842587660796407
Greta Thunberg,"RT @TXTrumpette89: ""Greta Thunberg looks furious as Trump hijacks her UN entrance""",-0.24124757597201765
Greta Thunberg,"RT @nytimes: Greta Thunberg speaks at the UN climate summit: ""You all come to us young people for hope? How dare you!""",0.7607740657575328
Greta Thunberg,Who is more unlikeable: David Hogg or Greta Thunberg?,-0.615521176792415
Greta Thunberg,@OxfordDiplomat Maybe it just dawned on him that the young climate change campaigner Greta Thunberg will get it bef‚Ä¶ https://t.co/0tBhKwoXs2,-0.5137696795513081
Greta Thunberg,RT @RutiRegan: Can people please remember that ,-0.12367822928187777
Greta Thunberg,RT @kate_manne: Giving hope,1.8616632229626628
Greta Thunberg,RT @MichaelSkolnik: Greta Thunberg. ,0.7398331671988911
Greta Thunberg,RT @w_terrence: WHY EXPLOIT CHILDREN? ,-0.6355619228427994
Greta Thunberg,RT @FredrikSewell: Anyone who‚Äôs got a problem with Greta Thunberg can pretty much fuck off.,0.19300105785381028
Greta Thunberg,RT @DrGJackBrown: Donald Trump is afraid of #GretaThunberg. He fears her. He's afraid of being in the same room with her. He knows the publ‚Ä¶,-0.052233426762491805
Greta Thunberg,"RT @CNN: ""You have stolen my dreams and my childhood with your empty words",-1.2569688120718299
Greta Thunberg,RT @RepAdamSchiff: Greta Thunberg,0.5730479676607025
Greta Thunberg,RT @gatewaypundit: MUST SEE: Green Teen Greta Thunberg Caught SCOWLING as Trump Upstages Her at UN (Video) https://t.co/TBuzjxNrPp via @gat‚Ä¶,1.4360285768575358
Greta Thunberg,RT @MyDaughtersArmy: We are all Greta Thunberg.,0.92618905212855
Greta Thunberg,RT @RealSaavedra: This speech by far-left activist Greta Thunberg is absolute madness https://t.co/RFyIPZlajQ,-0.5138096341522377
Greta Thunberg,RT @eugenegu: Adults attacking Greta Thunberg and David Hogg is totally on brand with these same adults destroying the planet for money and‚Ä¶,-1.816125136594711
Greta Thunberg,RT @MyDaughtersArmy: We are all Greta Thunberg.,0.513275935628644
Greta Thunberg,RT @WayneDupreeShow: Where are this child's parents? People are calling this abuse. What say you? ,-0.1635942643187253
Greta Thunberg,RT @AnnOlivarius: So rare to see a girl (not to mention a woman) so utterly devoid of any desire to please,-2.441993944009396
Greta Thunberg,"RT @michinara3: Greta Thunberg ""We are in the beginning of a mass extinction and all you can talk about is money and fairy tales of eternal‚Ä¶",0.12454136478742935
Greta Thunberg,"RT @CNN: ""You have stolen my dreams and my childhood with your empty words",-1.340127345844617
Greta Thunberg,"RT @NPR: ""We are in the beginning of a mass extinction",-0.6090414883510504
Greta Thunberg,RT @guardianeco: Greta Thunberg to world leaders: 'How dare you? You have stolen my dreams and my childhood' - video https://t.co/fz8c7vJwPf,-1.4150806581666089
Greta Thunberg,RT @Reuters: A visibly emotional @GretaThunberg said in stern remarks at the opening of the United Nations Climate Action Summit that the g‚Ä¶,1.680493629435677
Greta Thunberg,RT @adamcbest: When conservatives attack young activists like David Hogg and Greta Thunberg what they are really saying is ‚ÄúHey,0.371591354934664
Greta Thunberg,"RT @Robbytreeroot: ""If world leaders choose to fail us",-0.07054695329821814
Greta Thunberg,RT @adamcbest: When conservatives attack young activists like David Hogg and Greta Thunberg what they are really saying is ‚ÄúHey,-0.6020197927895061
Greta Thunberg,RT @CyrusMMcQueen: I may get in trouble for sayin it quite this way but,0.13757856041233102
Greta Thunberg,"RT @kylegriffin1: Greta Thunberg at #UNGA: ""This is all wrong. I shouldn‚Äôt be up here. I should be in school on the other side of the ocean‚Ä¶",-1.822918450412315
Greta Thunberg,RT @PhillipAdams_1: I nominate Greta Thunberg as Australian of the Year,-0.46785994712250345
Greta Thunberg,Memes mocking Greta Thunberg on her appearance are a great way to show you‚Äôre a beta cuck that gave up and will let‚Ä¶ https://t.co/XvXViIlP3U,0.5611389297878723
Greta Thunberg,"RT @CNN: ""You have stolen my dreams and my childhood with your empty words",1.278265056941448
Greta Thunberg,RT @bearshrugged: I was not going to do this as I do not like too personal information on the internet,0.19921303822463787
Greta Thunberg,RT @TwitterMoments: ‚ÄúWe are in the beginning of a mass extinction and all you can talk about is money,-0.05826871208180497
Greta Thunberg,RT @redsteeze: When you hide behind teenage kids like David Hogg and Greta Thunberg and use them for human shields like you are now,-1.5443969137278615
Greta Thunberg,RT @daveyk317: #GretaThunberg,-0.10213328862479501
Greta Thunberg,RT @prageru: Despicable. ,-0.3002334173287545
 like Greta Thunberg, that climate change is going to kill them and everyone they‚Ä¶,0.7216726690995375
Greta Thunberg,RT @TwitterMoments: ‚ÄúWe are in the beginning of a mass extinction and all you can talk about is money,-1.413319937080422
Greta Thunberg,RT @w_terrence: WHY EXPLOIT CHILDREN? ,-0.8313498041673381
Greta Thunberg,RT @GretaThunberg: Today at 11:30 I and 15 other children from around the world filed a legal complaint against 5 nations over the climate‚Ä¶,-0.10181597995096314
Greta Thunberg,RT @CHIZMAGA: Greta Thunberg: ‚ÄúWorld leaders have stolen my dreams and my childhood with their empty words.‚Äù,0.652758324942168
Greta Thunberg,RT @GretaThunberg: ‚ÄúPeople are suffering. People are dying. Entire ecosystems are collapsing. We are in the beginning of a mass extinction.‚Ä¶,-1.4085337701501033
Greta Thunberg,RT @DavidWinterA: Greta Thunberg deserves the Nobel Peace Prize. After seeing Trump walk out of the Climate Change Meeting and walk past he‚Ä¶,-0.5040685682123862
Greta Thunberg,RT @itsJeffTiedrich: Q: what's one thing Greta Thunberg has that Donald Trump doesn't?,-1.2092182229688875
Greta Thunberg,RT @bearshrugged: I was not going to do this as I do not like too personal information on the internet,0.38479806585948767
Greta Thunberg,RT @CarmineSabia: President Donald Trump walks past Greta Thunberg because he does not bow to 16 year olds. https://t.co/4m9VGMz8CD,-0.25596484750754045
Greta Thunberg,Video of Greta Thunberg crossing paths with Trump at UN goes viral https://t.co/PFBG6hzY45,-0.31869620357521805
Greta Thunberg,Video of Greta Thunberg crossing paths with Trump at UN goes viral https://t.co/PFBG6hzY45,0.4492263434954163
Greta Thunberg,RT @stillgray: Am I a bad person for thinking children shouldn‚Äôt be used as political props like Greta Thunberg? https://t.co/kGEErp35Jn,1.5041553814119
Greta Thunberg,RT @TheOnion: Feeble,0.3551686063009798
Greta Thunberg,RT @TXTrumpette89: SURPRISE! The Official Escort for 16-Year-Old Global Warming ‚ÄòExpert‚Äô Greta Thunberg Is a Leftist Hack Funded by George‚Ä¶,1.7447700012476737
Greta Thunberg,RT @TXTrumpette89: SURPRISE! The Official Escort for 16-Year-Old Global Warming ‚ÄòExpert‚Äô Greta Thunberg Is a Leftist Hack Funded by George‚Ä¶,0.3227334609980293
Greta Thunberg,Greta Thunberg gives impassioned rebuke of global leaders over climate crisis inaction https://t.co/dv7aN8TK8j,0.7219758317362903
