Hashtag,tweet
#climatechange,RT @susanjssm: Just watched @abcnews the impressive mayor of Glen Innes on the devastation &amp; ongoing impact of fires. She felt compelled to‚Ä¶
#climatechange,So excited for this! While nuclear plants can be dangerous
#climatechange,RT @climateguyw: #Parents please buy this book to begin educating your #kids on the #history of #climatechange and #Weather.  World of Ther‚Ä¶
#climatechange,RT @FintechSIN: Singapore Fintech Festival 2019 Kicks off Tomorrow With Focus on Sustainability
#climatechange,@AnthonyCole68 well prime minister
#climatechange,RT @drkerrynphelps: We will never be able to say we were not warned!
#climatechange,RT @AgentMacaron: 1/2
#climatechange,RT @humanitarian_bs: So I know it's Sunday and an Holy day. 
#climatechange,RT @UNDPClimate: ~ 80% of people in Comoros depend on rain-fed agriculture
#climatechange,RT @PeterGleick: Scientists:
#climatechange,how #scientists got #climatechange so #wrong https://t.co/CUAFmeJ9su via ‚Å¶@nytopinion‚Å©
#climatechange,RT @ReneSteenhorst: #climatechange in protest - Sinking suburban 'home' drifts down #Thames in watery climate protest https://t.co/5A5MvGYH‚Ä¶
#climatechange,RT @ellymelly: Remember the first rule of #ClimateChange-alarmism:
#climatechange,That total waste of space Gladys Berejiklian just refused to admit the current catastrophic fire conditions are eve‚Ä¶ https://t.co/qjLa56xJQp
#climatechange,@Elaine_Gunn @CllrCMiller Incidentally https://t.co/qYWKv3XaJQ
#climatechange,@GroverNorquist Heaven forbid one issue Grover that the sources of energy that cause exceedingly dangerous and cost‚Ä¶ https://t.co/63cUGSCa5A
#climatechange,RT @JLLUK: How can business step up to the net zero challenge? Read the thoughts of our UK CEO @ChrisIrelandJLL ahead of the @CBItweets con‚Ä¶
#climatechange,RT @IPCC_CH: #IPCC Authors Joyahsree Roy @Joyashree9
#climatechange,RT @hughriminton: The Prime Minister #ScottMorrison has visited #NSWBushfires victims
#climatechange,RT @ellymelly: Remember the first rule of #ClimateChange-alarmism:
#climatechange,The latest Quimpering! https://t.co/AN7xUelqBB Thanks to @PenDailyNews @FinoFilipino @balanacesta #climatechange #cybersecurity
#climatechange,RT @JonDeeOz: On watching your report @hughriminton
#climatechange,RT @nswoutwest: Thank you David Rowe. 
#climatechange,RT @PeterGleick: Scientists:
#climatechange,RT @gmbutts: Margaret Thatcher on #climatechange. There‚Äôs a lot of history for conservatives to draw from and build on. https://t.co/JjpUgn‚Ä¶
#climatechange,An #ideology is a simple idea that dresses itself up like #science or #philosophy to sell itself as an explanation‚Ä¶ https://t.co/liyDxX1TMx
#climatechange,RT @IPCC_CH: #IPCC Authors Joyahsree Roy @Joyashree9
#climatechange,RT @SFdirewolf: Conversations about #ClimateChange
#climatechange,It‚Äôs clear that the Fed Gov and NSW State Gov only see #climatechange as a political issue to be wedged on.‚Ä¶ https://t.co/lvlP0k3p9s
#climatechange,RT @judeliciousss: Good news. A federal judge in Alaska declared Trump‚Äôs order revoking a sweeping ban on oil and gas drilling in the Arcti‚Ä¶
#climatechange,RT @SustainableTall: One of the most important diagrams to consider in the fight to tackle #climatechange. 
#climatechange,The Interceptor is an autonomous
#climatechange,RT @IPCC_CH: Jagdish Krishnaswamy @JagdishKrishna8 says that ‚Äúmany options in land management which have high positive impact are scalable‚Ä¶
#climatechange,Hotter climate? Really? Prayers will do absolutely nothing #climatechange #climatechangehoax #firebreaks‚Ä¶ https://t.co/yNczu2EeoZ
#climatechange,RT @MGliksmanMDPhD: ‚ÄúWhen (@ScottMorrisonMP) was asked about climate change
#climatechange,RT @ScienceWeek: Happy #ScienceWeek everyone! 
#climatechange,RT @Clarsonimus: An #ideology is a simple idea that dresses itself up like #science or #philosophy to sell itself as an explanation of and‚Ä¶
#climatechange,BBC News: Australia bushfires: Sydney area faces 'catastrophic' threat - #ClimateChange ?
#climatechange,RT @JonDeeOz: On watching your report @hughriminton
#climatechange,RT @drkerrynphelps: Whenever there is a gun massacre in the USA
#climatechange,RT @vegix: Rising seas will imperil humans and animals alike.
#climatechange,RT @Betty32Boo: ‚ÄúWhen the elites recruit a foolish child for a sleeping public to follow over a bottomless cliff: - How dare you!‚Äù
#climatechange,@AOC @BernieSanders @KamalaHarris @SenWarren @JoeBiden Many people/#Republicans in the world are in denial of‚Ä¶ https://t.co/UWNIbnpVKQ
#climatechange,"RT @ChrisOgilvieSnr: @hughriminton Just saw your #TheProjectTV with Hamish busy framing #Bushfires as ""not the right time to discus #Climat‚Ä¶"
#climatechange,We've got to ask the question ü§î
#climatechange,RT @SWG_mixes: 1 hour until #MichaelJackson's #EARTHSONG SWG Extended Mix VIDEO premiere at 9pm. See you in the chat at 8.30pm!! https://t.‚Ä¶
#climatechange,RT @luckytran: This. Climate science has actually been around for a couple of centuries (Fourier
#climatechange,RT @SFdirewolf: Conversations about #ClimateChange
#climatechange,@GretaThunberg And yet we still have vocal climate change denial in the form of @ScottMorrisonMP
#climatechange,RT @drkerrynphelps: Whenever there is a gun massacre in the USA
#climatechange,RT @JosieMcskimming: Are my fellow Australians as pissed off as I am about @ScottMorrisonMP‚Äôs response to the #NSWbushfires? Refusing to an‚Ä¶
#climatechange,RT @carolduncan: Good. There are no longer ‚Äòtwo sides‚Äô to the #climatechange story
#climatechange,RT @roryekennedy: As #climatechange worsens
#climatechange,RT @Boba_Tea_Catan: Back in 2007
#climatechange,RT @HenryK_B_: @KT_Gallagher1 @SantosLtd Natural gas is a polite term for methane (CH‚ÇÑ) 70x worse than CO‚ÇÇ.
#climatechange,RT @judeliciousss: Good news. A federal judge in Alaska declared Trump‚Äôs order revoking a sweeping ban on oil and gas drilling in the Arcti‚Ä¶
#climatechange,I am really proud to be studying in an institution with fantastic researchers.
#climatechange,@BBCWorld Extreme weather .... a noticeable effect of climate change. #ClimateChange
#climatechange,RT @vegix: The future of food hangs in the balance. üò®
#climatechange,That total waste of space Gladys Berejiklian just refused to admit the current catastrophic fire conditions are eve‚Ä¶ https://t.co/TXu3E5ZCzD
#climatechange,RT @StephenGethins: This is welcome but there is so much more still to do. As the Vice Chair of the All Party Group on Climate Change it wi‚Ä¶
#climatechange,@RNBreakfast The DeputyPM Michael Mcormack disgracefully ranting about Greenies and refusing to acknowledge Govt ne‚Ä¶ https://t.co/aIURVzIxyq
#climatechange,RT @citizensclimate: The true cost of carbon: The economic impact of #climatechange is already staggering. It's time to put a #PriceOnPollu‚Ä¶
#climatechange,RT @cays2016: Lets put hands together to reduce the environmental impact of gold mining by recycling gold found in our old scraps which we‚Ä¶
#climatechange,@brightsider123 For a staunch #Remainer shouldn't the 2nd referendum and #FinalSay be a great option? Plus get adde‚Ä¶ https://t.co/AOypVAU84G
#climatechange,RT @drkerrynphelps: Whenever there is a gun massacre in the USA
#climatechange,RT @DorotheaBaur: Time to acknowledge #AI as a material aspect of #ESG. But don‚Äôt just assess it from a #humanrights point of view but also‚Ä¶
#climatechange,RT @liarpoliticians: It appears @CarolineLucas is a massive hypocrite
#climatechange,RT @GeorgeBludger: Also superb. A+ https://t.co/4tN4c7zMh1
#climatechange,RT @AlexWitzleben: WoodMac: Renewables to Supply 53% of Europe's Power by 2030 | Greentech Media
#climatechange,Premier @GladysB
#climatechange,RT @johnlittle: That total waste of space Gladys Berejiklian just refused to admit the current catastrophic fire conditions are even slight‚Ä¶
#climatechange,RT @ldenver: @GrogsGamut @AdamBandt Can we stop asking #politicians if #ClimateChange is real and start asking/demanding of them what they‚Ä¶
#climatechange,@JohnBarilaroMP behaving like a pork chop on @ABC mid north coast today. Doesn't want to talk #ClimateChange becaus‚Ä¶ https://t.co/mamSH7beBb
#climatechange,#Trees planted on under-used land help fight #climatechange | HeraldScotland https://t.co/oRW9mGRQIv
#climatechange,RT @PepsiCo: We believe companies need to help lead the fight against #climatechange. That‚Äôs why we‚Äôre working to reduce greenhouse gas emi‚Ä¶
#climatechange,RT @drkerrynphelps: Whenever there is a gun massacre in the USA
#climatechange,RT @johnlittle: That total waste of space Gladys Berejiklian just refused to admit the current catastrophic fire conditions are even slight‚Ä¶
#climatechange,RT @sanomum: @PeterGleick Fossil Fuel Co.s:
#climatechange,RT @mayleeasia: Hail???!!! Hail??!!!!! What the??? #thisisnotSocal #weirdweather #climatechange #whereami #hail https://t.co/vhVhLCJq1M
#climatechange,RT @Lynestel: @RNBreakfast The DeputyPM Michael Mcormack disgracefully ranting about Greenies and refusing to acknowledge Govt negligence o‚Ä¶
#climatechange,RT @SpotlightForYou: As @ScottMorrisonMP refuses to do anything meaningful about #Climatechange &amp; is even snubbing experts
#climatechange,RT @Clarsonimus: An #ideology is a simple idea that dresses itself up like #science or #philosophy to sell itself as an explanation of and‚Ä¶
#climatechange,RT @johnlittle: That total waste of space Gladys Berejiklian just refused to admit the current catastrophic fire conditions are even slight‚Ä¶
#climatechange,RT @Lynestel: @RNBreakfast The DeputyPM Michael Mcormack disgracefully ranting about Greenies and refusing to acknowledge Govt negligence o‚Ä¶
#climatechange,RT @drkerrynphelps: Whenever there is a gun massacre in the USA
#climatechange,The Netherlands is going to be the most affected with rising sea levels around 4 million people even though it has‚Ä¶ https://t.co/QwGxAV50Lq
#climatechange,RT @JimBair62221006: Banking Giant HSBC Warns of US$10
#climatechange,RT @PeterGleick: Scientists:
#climatechange,RT @theSNP: üåç Guardian's analysis shows the SNP are the strongest main party on #ClimateChange.
#climatechange,Every day is. @YarosisNancy @EnvDefenseFund @Mayors4Climate @UCSUSA @infpwriter @PaulEDawson @MikeHudema‚Ä¶ https://t.co/DDHtf2EMIX
#climatechange,Things are getting interesting. Scientific consensus underestimates rapidity and effect of climate change.‚Ä¶ https://t.co/0vAhhOSzd6
#climatechange,@MehreenFaruqi @debrierley You owe it to people to take meaningfully on #ClimateChange
#climatechange,A lot of the East coast of Australia is burning. Its Prime Minister when asked about the link to Climate Change leg‚Ä¶ https://t.co/MwQxOpNd0E
#climatechange,RT @drkerrynphelps: Whenever there is a gun massacre in the USA
#climatechange,Please give @BrianMathew4NW a follow and vote for him for #LibDems MP for #NorthWilts for a #BrighterFuture‚Ä¶ https://t.co/lTa8Ev6IyO
#climatechange,A sad thing about #climatechange &amp; the state of the world is that we might not be around long enough to see it all‚Ä¶ https://t.co/5JX5hXpy8a
#climatechange,RT @johnlittle: That total waste of space Gladys Berejiklian just refused to admit the current catastrophic fire conditions are even slight‚Ä¶
#climatechange,#Climatechangeüëâ who just followedme! on #Twitter :.@careerlifegoals
#greta,RT @NeilUKIP: Greta‚Äôs watching: Have you done anything this week that #Greta might disapprove of?
#greta,RT @ellymelly: Remember the first rule of #ClimateChange-alarmism:
#greta,RT @ellymelly: Remember the first rule of #ClimateChange-alarmism:
#greta,Yikes! üòÇüòÇüòÇ
#greta,RT @JWSpry: FEAR NOT #GRETA
#greta,RT @NeilUKIP: Greta‚Äôs watching: Have you done anything this week that #Greta might disapprove of?
#greta,Behold the face of Satan
#greta,RT @ellymelly: Remember the first rule of #ClimateChange-alarmism:
#greta,RT @charliesmithvcr: Why #Vancouver will never be the same after today's speech by teenage climate revolutionary @GretaThunberg https://t.c‚Ä¶
#greta,RT @JWSpry: FEAR NOT #GRETA
#greta,RT @JWSpry: FEAR NOT #GRETA
#greta,RT @JWSpry: FEAR NOT #GRETA
#greta,RT @ellymelly: Remember the first rule of #ClimateChange-alarmism:
#greta,RT @JWSpry: FEAR NOT #GRETA
#greta,#Globalwarming #Earth #Savetheearth #Savetheplanet #Love #Helptheearth #Planet #Life #Futures #OurFUTURE‚Ä¶ https://t.co/YyipaideZN
#greta,RT @Savethe64387573: #Globalwarming #Earth #Savetheearth #Savetheplanet #Love #Helptheearth #Planet #Life #Futures #OurFUTURE #ClimateChang‚Ä¶
#GretaThunberg,RT @ChinaBazzar: Little Sister is watching you #bigbrotheriswatchingyou #Orwellian #GretaThunberg 'The foundations which financed the 'clim‚Ä¶
Greta Thunberg,RT @walletcheck: liberals have decided that the only necessary measure to stop climate change is to appease the child god Greta with idolat‚Ä¶
Greta Thunberg,RT @MamoudouNDiaye: didn't she explicitly say she wants change not idolatry? https://t.co/7iLCeSFnP4
Greta Thunberg,RT @MamoudouNDiaye: didn't she explicitly say she wants change not idolatry? https://t.co/7iLCeSFnP4
Greta Thunberg,It wont be there for long...
 biodegradable, sustainable
Greta Thunberg,RT @B52Malmet: Greta Thunberg will not be silenced. https://t.co/YRtGs5l4tS
Greta Thunberg,Greta Thunberg turns down environmental prize
Greta Thunberg,RT @foe_us: ‚ÄúPeople are suffering and dying from the climate emergency and it will continue to get worse. Doesn‚Äôt this mean anything to the‚Ä¶
Greta Thunberg,RT @Piping_Shrike: The Greta Thunberg of the 1980s. (have I got this wrong?) https://t.co/7i061xdTcI
Greta Thunberg,RT @ryxcommar: Peak California liberalism is painting a mural honoring a 16 year-old climate activist within a year of her rise to prominen‚Ä¶
Greta Thunberg,RT @roxmo: Jesus Christ! Poor San Franciscans
Greta Thunberg,RT @qgotnorings: liberal idolatry in place of structural change is one of the best ways to co-opt a movement/growing sentiment. https://t.c‚Ä¶
Greta Thunberg,An immense mural of teen climate activist Greta Thunberg is turning heads in downtown San Francisco as it nears com‚Ä¶ https://t.co/fQLnzt5Kor
Greta Thunberg,RT @SupremeTankie: At this point y‚Äôall are deliberately trying to give @earwulf a stroke. https://t.co/MZgwM5Skod
Greta Thunberg,RT @MrAndyNgo: I thought this was Putin. https://t.co/hOuQSmVPpn
Greta Thunberg,RT @hughriminton: There was a time when #climate science was not a left/right thing. It was just climate science. https://t.co/5LFQGMIFJH
Greta Thunberg,RT @qgotnorings: liberal idolatry in place of structural change is one of the best ways to co-opt a movement/growing sentiment. https://t.c‚Ä¶
Greta Thunberg,RT @MamoudouNDiaye: didn't she explicitly say she wants change not idolatry? https://t.co/7iLCeSFnP4
Greta Thunberg,RT @ryxcommar: Peak California liberalism is painting a mural honoring a 16 year-old climate activist within a year of her rise to prominen‚Ä¶
Greta Thunberg,"This is the most SF thing ever -- spend thousands of $$$ on symbols / appearing to be ""woke"" while doing exactly 0‚Ä¶ https://t.co/DcMrpLP8jj"
Greta Thunberg,RT @ryxcommar: Peak California liberalism is painting a mural honoring a 16 year-old climate activist within a year of her rise to prominen‚Ä¶
Greta Thunberg,RT @qgotnorings: liberal idolatry in place of structural change is one of the best ways to co-opt a movement/growing sentiment. https://t.c‚Ä¶
Greta Thunberg,RT @groth1945: SF is mostly LIBERAL however
Greta Thunberg,RT @groth1945: SF is mostly LIBERAL however
Greta Thunberg,RT @WayneDupreeShow: This god-worship of Greta T is going to far
Greta Thunberg,RT @ProfStrachan: Awesome 
Greta Thunberg,RT @Neoavatara: Paint is a major contributor to pollution... https://t.co/Hz3RaxIQqD
Greta Thunberg,RT @inthecopa: Patriots! Don‚Äôt be triggered! It‚Äôs only SF ‚Äî s__thole sanctuary slum.
Greta Thunberg,RT @dearnonnatives: The way y‚Äôall idolize white people for doing the same thing Black and Indigenous people have already BEEN doing. https:‚Ä¶
Greta Thunberg,RT @ryxcommar: Peak California liberalism is painting a mural honoring a 16 year-old climate activist within a year of her rise to prominen‚Ä¶
Greta Thunberg,RT @TomLondon6: You know these terrible things the Tories &amp; the mainstream media pump out about Mr Corbyn?
Greta Thunberg,RT @MamoudouNDiaye: didn't she explicitly say she wants change not idolatry? https://t.co/7iLCeSFnP4
Greta Thunberg,RT @CNN: Teen climate activist Greta Thunberg is getting a huge mural in downtown San Francisco https://t.co/NNOUukg0ZL https://t.co/px8ksl‚Ä¶
Greta Thunberg,@MikeHudema 100 % for green energy!
Greta Thunberg,RT @ryxcommar: Peak California liberalism is painting a mural honoring a 16 year-old climate activist within a year of her rise to prominen‚Ä¶
Greta Thunberg,RT @qgotnorings: liberal idolatry in place of structural change is one of the best ways to co-opt a movement/growing sentiment. https://t.c‚Ä¶
Greta Thunberg,RT @dearnonnatives: The way y‚Äôall idolize white people for doing the same thing Black and Indigenous people have already BEEN doing. https:‚Ä¶
Greta Thunberg,RT @MamoudouNDiaye: didn't she explicitly say she wants change not idolatry? https://t.co/7iLCeSFnP4
Greta Thunberg,RT @MamoudouNDiaye: didn't she explicitly say she wants change not idolatry? https://t.co/7iLCeSFnP4
Greta Thunberg,Mural of 16-year-old climate activist Greta Thunberg goes up in San Francisco to mixed responses https://t.co/raVDpgJu3N
Greta Thunberg,The horror
Greta Thunberg,RT @FuckBamboni: Can we stop worshipping a teenage girl this is getting extremely weird https://t.co/LkmAdP4CnK
Greta Thunberg,RT @TomLondon6: You know these terrible things the Tories &amp; the mainstream media pump out about Mr Corbyn?
Greta Thunberg,RT @walletcheck: liberals have decided that the only necessary measure to stop climate change is to appease the child god Greta with idolat‚Ä¶
Greta Thunberg,RT @MamoudouNDiaye: didn't she explicitly say she wants change not idolatry? https://t.co/7iLCeSFnP4
Greta Thunberg,RT @MamoudouNDiaye: didn't she explicitly say she wants change not idolatry? https://t.co/7iLCeSFnP4
Greta Thunberg,RT @MamoudouNDiaye: didn't she explicitly say she wants change not idolatry? https://t.co/7iLCeSFnP4
Greta Thunberg,RT @Atenatioweren: Peak White Liberalism is Building a Mural to a Scandinavian Climate Activist while ignoring Native Stewards of the Land‚Ä¶
Greta Thunberg,RT @MatthewACherry: I‚Äôm waiting on the @LittleMissFlint mural myself https://t.co/wp9MvLT5Df
Greta Thunberg,RT @MamoudouNDiaye: didn't she explicitly say she wants change not idolatry? https://t.co/7iLCeSFnP4
Greta Thunberg,RT @MamoudouNDiaye: didn't she explicitly say she wants change not idolatry? https://t.co/7iLCeSFnP4
Greta Thunberg,RT @MamoudouNDiaye: didn't she explicitly say she wants change not idolatry? https://t.co/7iLCeSFnP4
Greta Thunberg,RT @MamoudouNDiaye: didn't she explicitly say she wants change not idolatry? https://t.co/7iLCeSFnP4
Greta Thunberg,RT @YUNGcoke: Imagine if they spent all this money on actual solutions https://t.co/2ojuaWTjj9
Greta Thunberg,RT @MamoudouNDiaye: didn't she explicitly say she wants change not idolatry? https://t.co/7iLCeSFnP4
Greta Thunberg,RT @GrrrGraphics: Little Sister is Watching You!
Greta Thunberg,RT @qgotnorings: liberal idolatry in place of structural change is one of the best ways to co-opt a movement/growing sentiment. https://t.c‚Ä¶
Greta Thunberg,RT @MamoudouNDiaye: didn't she explicitly say she wants change not idolatry? https://t.co/7iLCeSFnP4
Greta Thunberg,RT @inthecopa: Patriots! Don‚Äôt be triggered! It‚Äôs only SF ‚Äî s__thole sanctuary slum.
Greta Thunberg,Haven't the residents of SF suffered enough without being tormented by this eyesore?
Greta Thunberg,Quite right Baroness Thatcher. Unfortunately Conservative MPs are five times as likely to vote against climate acti‚Ä¶ https://t.co/Eu8CJ5fsR1
Greta Thunberg,RT @EmmaVigeland: She probably hates this https://t.co/v7i98Uh0La
Greta Thunberg,RT @dearnonnatives: The way y‚Äôall idolize white people for doing the same thing Black and Indigenous people have already BEEN doing. https:‚Ä¶
Greta Thunberg,New song out - Fremen.
Greta Thunberg,RT @BrandonStraka: The leftist geniuses in San Francisco have decided to send a message about climate change by creating a 6 story mural of‚Ä¶
Greta Thunberg,@AfMusk NDGT is 100% right. I have three heroes
Greta Thunberg,RT @walletcheck: liberals have decided that the only necessary measure to stop climate change is to appease the child god Greta with idolat‚Ä¶
Greta Thunberg,OMG really üôÑ
Greta Thunberg,Might want to consider taking that down before the building  commits suicide?
Greta Thunberg,RT @MatthewACherry: I‚Äôm waiting on the @LittleMissFlint mural myself https://t.co/wp9MvLT5Df
Greta Thunberg,When they figure out this is impacting their tourism dollars
Greta Thunberg,RT @TomLondon6: You know these terrible things the Tories &amp; the mainstream media pump out about Mr Corbyn?
Greta Thunberg,RT @MamoudouNDiaye: didn't she explicitly say she wants change not idolatry? https://t.co/7iLCeSFnP4
Greta Thunberg,RT @FuckBamboni: Can we stop worshipping a teenage girl this is getting extremely weird https://t.co/LkmAdP4CnK
Greta Thunberg,RT @MamoudouNDiaye: didn't she explicitly say she wants change not idolatry? https://t.co/7iLCeSFnP4
Greta Thunberg,RT @MamoudouNDiaye: didn't she explicitly say she wants change not idolatry? https://t.co/7iLCeSFnP4
Greta Thunberg,RT @inthecopa: Patriots! Don‚Äôt be triggered! It‚Äôs only SF ‚Äî s__thole sanctuary slum.
Greta Thunberg,RT @walletcheck: liberals have decided that the only necessary measure to stop climate change is to appease the child god Greta with idolat‚Ä¶
Greta Thunberg,RT @anniefryman: San Francisco subsidizes street parking  for personal vehicles to the tune of $800 million per year. https://t.co/KFn1wAsC‚Ä¶
Greta Thunberg,Must be looking at all the poop and urine in the streets.
Greta Thunberg,Pictures of Greta Thunberg are being used to shame office workers who use single-use plastic https://t.co/EosYzeXIJ4 via @yahooindia
Greta Thunberg,RT @dearnonnatives: The way y‚Äôall idolize white people for doing the same thing Black and Indigenous people have already BEEN doing. https:‚Ä¶
Greta Thunberg,RT @walletcheck: liberals have decided that the only necessary measure to stop climate change is to appease the child god Greta with idolat‚Ä¶
Greta Thunberg,RT @emzanotti: The San Fran mural of Greta Thunberg is likely to need 700 cans of spray paint to complete -- which is a lot for a movement‚Ä¶
Greta Thunberg,RT @Atenatioweren: Peak White Liberalism is Building a Mural to a Scandinavian Climate Activist while ignoring Native Stewards of the Land‚Ä¶
Greta Thunberg,RT @la_cates: A huge
Greta Thunberg,RT @piersmorgan: Why are they turning her into Vladimir Putin? https://t.co/LNJFUqa7io
Greta Thunberg,RT @qgotnorings: liberal idolatry in place of structural change is one of the best ways to co-opt a movement/growing sentiment. https://t.c‚Ä¶
Greta Thunberg,RT @inthecopa: Patriots! Don‚Äôt be triggered! It‚Äôs only SF ‚Äî s__thole sanctuary slum.
Greta Thunberg,RT @walletcheck: liberals have decided that the only necessary measure to stop climate change is to appease the child god Greta with idolat‚Ä¶
Greta Thunberg,RT @TomLondon6: You know these terrible things the Tories &amp; the mainstream media pump out about Mr Corbyn?
Greta Thunberg,RT @inthecopa: Patriots! Don‚Äôt be triggered! It‚Äôs only SF ‚Äî s__thole sanctuary slum.
Greta Thunberg,Yet another thing Greta
Greta Thunberg,RT @walletcheck: liberals have decided that the only necessary measure to stop climate change is to appease the child god Greta with idolat‚Ä¶
Greta Thunberg,RT @ryxcommar: Peak California liberalism is painting a mural honoring a 16 year-old climate activist within a year of her rise to prominen‚Ä¶
Greta Thunberg,RT @MatthewACherry: I‚Äôm waiting on the @LittleMissFlint mural myself https://t.co/wp9MvLT5Df
climatechange,post the text here
climatechange,post the text here
climatechange,post the text here
Greta Thunberg,RT @ConservaMomUSA: Thank you @POTUS @realDonaldTrump for giving #GretaThunberg‚Äôs angsty
Greta Thunberg,RT @GretaThunberg: Today at 11:30 I and 15 other children from around the world filed a legal complaint against 5 nations over the climate‚Ä¶
Greta Thunberg,RT @JoeTalkShow: Greta Thunberg is a tool of the left and her parents and community are allowing her to be used as a puppet.  She didn't st‚Ä¶
Greta Thunberg,"RT @kylegriffin1: Greta Thunberg at #UNGA: ""This is all wrong. I shouldn‚Äôt be up here. I should be in school on the other side of the ocean‚Ä¶"
Greta Thunberg,RT @adamcbest: When conservatives attack young activists like David Hogg and Greta Thunberg what they are really saying is ‚ÄúHey
Greta Thunberg,RT @Rschooley: Weird how some people who have a conniption if even the name of Trump's youngest son is mentioned in a tweet seem pretty oka‚Ä¶
Greta Thunberg,RT @RealCandaceO: One day
Greta Thunberg,RT @DogginTrump: All you #MAGA assholes attacking young activists like David Hogg &amp; Greta Thunberg
Greta Thunberg,"RT @NPR: ""We are in the beginning of a mass extinction"
Greta Thunberg,RT @adamcbest: When conservatives attack young activists like David Hogg and Greta Thunberg what they are really saying is ‚ÄúHey
Greta Thunberg,"RT @CBSNews: Greta Thunberg to world leaders: ""You are still not mature enough to tell it like it is. You are failing us. Young people are‚Ä¶"
Greta Thunberg,RT @RealCandaceO: One day
Greta Thunberg,"RT @CNN: ""You have stolen my dreams and my childhood with your empty words"
Greta Thunberg,RT @JohnWHuber: I don‚Äôt care if she‚Äôs 16. Greta Thunberg is woefully uninformed about energy &amp; climate
Greta Thunberg,RT @RealSaavedra: This speech by far-left activist Greta Thunberg is absolute madness https://t.co/RFyIPZlajQ
Greta Thunberg,RT @WIRED: ‚ÄùPeople are suffering
Greta Thunberg,RT @NBCNews: WATCH: Greta Thunberg passionately shares her message to world leaders at #UNGA:
Greta Thunberg,RT @_SJPeace_: Greta Thunberg
"id_str:""1127993349087080449""","name:""Mark Cook"""
Greta Thunberg,RT @JenAshleyWright: Well
Greta Thunberg,RT @TwitterMoments: ‚ÄúWe are in the beginning of a mass extinction and all you can talk about is money
Greta Thunberg,"RT @evanmcmurry: Greta Thunberg to world leaders at #UNGA summit: ""We are at the beginning of a mass extinction and all you can talk about‚Ä¶"
Greta Thunberg,RT @_SJPeace_: Greta Thunberg
Greta Thunberg,RT @GretaThunberg: ‚ÄúPeople are suffering. People are dying. Entire ecosystems are collapsing. We are in the beginning of a mass extinction.‚Ä¶
Greta Thunberg,RT @SenWhitehouse: At some point
Greta Thunberg,RT @RepAdamSchiff: Greta Thunberg
Greta Thunberg,RT @TXTrumpette89: SURPRISE! The Official Escort for 16-Year-Old Global Warming ‚ÄòExpert‚Äô Greta Thunberg Is a Leftist Hack Funded by George‚Ä¶
Greta Thunberg,RT @w_terrence: WHY EXPLOIT CHILDREN? 
Greta Thunberg,RT @TIME: Greta Thunberg to world leaders at the U.N. climate summit: ‚ÄúYou have stolen my dreams and my childhood with your empty words‚Äù ht‚Ä¶
Greta Thunberg,RT @tonyposnanski: Fuck every single dumbfuck adult who attacks Greta Thunberg
Greta Thunberg,RT @prageru: Despicable. 
 like Greta Thunberg, that climate change is going to kill them and everyone they‚Ä¶
Greta Thunberg,RT @w_terrence: WHY EXPLOIT CHILDREN? 
Greta Thunberg,RT @JordanUhl: Holy shit
Greta Thunberg,RT @RepAdamSchiff: Greta Thunberg
Greta Thunberg,RT @ProudResister: Trump: ‚ÄúClimate change is a hoax.‚Äù
Greta Thunberg,RT @WIRED: ‚ÄùPeople are suffering
Greta Thunberg,RT @DavidWinterA: Greta Thunberg deserves the Nobel Peace Prize. After seeing Trump walk out of the Climate Change Meeting and walk past he‚Ä¶
Greta Thunberg,RT @WIRED: ‚ÄùPeople are suffering
Greta Thunberg,‚ÄòHow Dare You?‚Äô Teen Activist Greta Thunberg Asks World Leaders at U.N. Climate Session https://t.co/RHCJzcAdqL
Greta Thunberg,Swedish Teen Greta Thunberg Screams at World Leaders at UN Climate Summit
Greta Thunberg,RT @_SJPeace_: Greta Thunberg
Greta Thunberg,RT @BuckSexton: So weird how the ‚Äúcant criticize kids rule‚Äù that the media enforces with dictatorial resolve is applicable to Greta Thunber‚Ä¶
Greta Thunberg,RT @RealCandaceO: One day
Greta Thunberg,RT @_SJPeace_: Greta Thunberg
Greta Thunberg,RT @WIRED: ‚ÄùPeople are suffering
Greta Thunberg,RT @WayneDupreeShow: Where are this child's parents? People are calling this abuse. What say you? 
Greta Thunberg,RT @JordanUhl: Holy shit
Greta Thunberg,RT @TheCrushedBones: Wherever Greta Thunberg goes
Greta Thunberg,RT @FredrikSewell: Anyone who‚Äôs got a problem with Greta Thunberg can pretty much fuck off.
Greta Thunberg,RT @RealCandaceO: One day
Greta Thunberg,"RT @nytimes: Greta Thunberg speaks at the UN climate summit: ""You all come to us young people for hope? How dare you!"""
Greta Thunberg,RT @StefanMolyneux: Oh lord above.
Greta Thunberg,RT @OliverMcGee: Retweet #GretaThunberg is a #ClimateChange Actor Play Acting at @UN!
Greta Thunberg,RT @NBCNews: WATCH: Greta Thunberg passionately shares her message to world leaders at #UNGA:
Greta Thunberg,RT @RealCandaceO: One day
Greta Thunberg,RT @debbie_marney41: @Bill_Maxwell_ @EileenMarieSar1 #GRETA says ‚ÄúHow Dare YOU!‚Äù
Greta Thunberg,RT @MyDaughtersArmy: We are all Greta Thunberg.
Greta Thunberg,RT @GretaThunberg: ‚ÄúPeople are suffering. People are dying. Entire ecosystems are collapsing. We are in the beginning of a mass extinction.‚Ä¶
Greta Thunberg,"RT @CNN: ""You have stolen my dreams and my childhood with your empty words"
Greta Thunberg,RT @girlsreallyrule: Here is 84 year-old anthropologist Jane Goodall with 16 year-old climate activist Greta Thunberg at an event in Switze‚Ä¶
Greta Thunberg,RT @Slate: ‚ÄúYou are failing us. But the young people are starting to understand your betrayal.‚Äù https://t.co/DHlmE3Pzn3
Greta Thunberg,RT @JordanUhl: Here's 55-year-old @greggutfeld absolutely losing his shit over Greta Thunberg
Greta Thunberg,RT @TXTrumpette89: SURPRISE! The Official Escort for 16-Year-Old Global Warming ‚ÄòExpert‚Äô Greta Thunberg Is a Leftist Hack Funded by George‚Ä¶
Greta Thunberg,RT @SethMacFarlane: She‚Äôs 1000% correct. What‚Äôs being advocated is not new. It‚Äôs the accelerated wholesale transformation of an entire indu‚Ä¶
Greta Thunberg,RT @ValerieComplex: I hope the same energy given to Greta Thunberg is the same energy you give to Little Miss Flint because Flint still wit‚Ä¶
Greta Thunberg,RT @redsteeze: When you hide behind teenage kids like David Hogg and Greta Thunberg and use them for human shields like you are now
Greta Thunberg,RT @TIME: Greta Thunberg to world leaders at the U.N. climate summit: ‚ÄúYou have stolen my dreams and my childhood with your empty words‚Äù ht‚Ä¶
Greta Thunberg,RT @RealCandaceO: One day
Greta Thunberg,RT @ProudResister: Trump: ‚ÄúClimate change is a hoax.‚Äù
Greta Thunberg,RT @BeckyBunzy: Greta Thunberg was nominated for the Nobel Peace Prize. The winner will be announced on October 11th.
Greta Thunberg,RT @AngelaBelcamino: Greta Thunberg is all of us. https://t.co/FnSx7xTc1p
Greta Thunberg,RT @SethMacFarlane: She‚Äôs 1000% correct. What‚Äôs being advocated is not new. It‚Äôs the accelerated wholesale transformation of an entire indu‚Ä¶
Greta Thunberg,RT @amandaottaway: Teen climate activist Greta Thunberg
Greta Thunberg,RT @C_3C_3: So let me get this straight.
Greta Thunberg,RT @_SJPeace_: Greta Thunberg
Greta Thunberg,"RT @nytimes: Greta Thunberg speaks at the UN climate summit: ""You all come to us young people for hope? How dare you!"""
Greta Thunberg,RT @prageru: Despicable. 
 like Greta Thunberg, that climate change is going to kill them and everyone they‚Ä¶
Greta Thunberg,RT @uhshanti: it's depressing to see Greta Thunberg treated the same way Malala Yousafzai was -- f√™ted and fawned over
Greta Thunberg,RT @w_terrence: WHY EXPLOIT CHILDREN? 
Greta Thunberg,RT @adamcbest: When conservatives attack young activists like David Hogg and Greta Thunberg what they are really saying is ‚ÄúHey
Greta Thunberg,RT @RepAdamSchiff: Greta Thunberg
Greta Thunberg,RT @MyDaughtersArmy: We are all Greta Thunberg.
Greta Thunberg,RT @tonyposnanski: Fuck every single dumbfuck adult who attacks Greta Thunberg
Greta Thunberg,RT @_SJPeace_: This was Greta Thunberg 15
Greta Thunberg,@Dangamipissed @sarahmquinlan @RobGeorge Sarah is in for a surprise when she learns there were a few million Gretas‚Ä¶ https://t.co/hrJk6mPRMw
Greta Thunberg,RT @lesleyabravanel: I am in awe of this young woman. In a world plagued by vapid vanity and world leaders completely devoid of a moral fab‚Ä¶
Greta Thunberg,"RT @nytimes: Greta Thunberg speaks at the UN climate summit: ""You all come to us young people for hope? How dare you!"""
Greta Thunberg,RT @Ian56789: Greta Thunberg's face after reading Ian56's evidence &amp; fact based thread on Global Warming / Climate Change.
Greta Thunberg,RT @TIME: Greta Thunberg to world leaders at the U.N. climate summit: ‚ÄúYou have stolen my dreams and my childhood with your empty words‚Äù ht‚Ä¶
Greta Thunberg,RT @ValerieComplex: I hope the same energy given to Greta Thunberg is the same energy you give to Little Miss Flint because Flint still wit‚Ä¶
Greta Thunberg,RT @ValerieComplex: I hope the same energy given to Greta Thunberg is the same energy you give to Little Miss Flint because Flint still wit‚Ä¶
Greta Thunberg,"RT @kylegriffin1: Greta Thunberg at #UNGA: ""This is all wrong. I shouldn‚Äôt be up here. I should be in school on the other side of the ocean‚Ä¶"
Greta Thunberg,RT @w_terrence: WHY EXPLOIT CHILDREN? 
Greta Thunberg,"RT @NPR: ""We are in the beginning of a mass extinction"
Greta Thunberg,RT @redsteeze: When you hide behind teenage kids like David Hogg and Greta Thunberg and use them for human shields like you are now
Greta Thunberg,RT @TIME: Greta Thunberg to world leaders at the U.N. climate summit: ‚ÄúYou have stolen my dreams and my childhood with your empty words‚Äù ht‚Ä¶
Greta Thunberg,"RT @CNN: ""You have stolen my dreams and my childhood with your empty words"
Greta Thunberg,"RT @CNN: ""You have stolen my dreams and my childhood with your empty words"
Greta Thunberg,RT @nprpolitics: WATCH: Greta Thunberg delivered a stirring speech about climate change to world leaders at the United Nations. 
Greta Thunberg,RT @TIME: Greta Thunberg to world leaders at the U.N. climate summit: ‚ÄúYou have stolen my dreams and my childhood with your empty words‚Äù ht‚Ä¶
Greta Thunberg,"RT @nytimes: Greta Thunberg speaks at the UN climate summit: ""You all come to us young people for hope? How dare you!"""
Greta Thunberg,RT @WordswithSteph: Swedish climate change activist Greta Thunberg has been nominated for the Nobel Peace Prize 
Greta Thunberg,RT @eugenegu: Adults attacking Greta Thunberg and David Hogg is totally on brand with these same adults destroying the planet for money and‚Ä¶
Greta Thunberg,RT @BryonnyM: Does this Creepy little Child Actress have a Phd in Atmospheric Science?  
Greta Thunberg,RT @sbstryker: Greta Thunberg‚Äôs glare at Donald Trump is giving me the energy to get through this Monday https://t.co/xdM0rdI2ln
Greta Thunberg,RT @AdamBandt: The climate criminals who lead us
Greta Thunberg,RT @kate_manne: Giving hope
Greta Thunberg,RT @Liz_Wheeler: Trump ignores Greta Thunberg. ü§£üá∫üá∏ https://t.co/phY7lKfbHj
Greta Thunberg,Greta Thunberg‚Äôs white-hot zeal and singular focus on a critical global crisis remind me of me in the early 90s dec‚Ä¶ https://t.co/GmZEGpYJdg
Greta Thunberg,RT @RepAdamSchiff: Greta Thunberg
Greta Thunberg,"RT @kylegriffin1: Greta Thunberg at #UNGA: ""This is all wrong. I shouldn‚Äôt be up here. I should be in school on the other side of the ocean‚Ä¶"
Greta Thunberg,"RT @CNN: ""You have stolen my dreams and my childhood with your empty words"
Greta Thunberg,RT @RealSaavedra: This speech by far-left activist Greta Thunberg is absolute madness https://t.co/RFyIPZlajQ
Greta Thunberg,"RT @thehill: WATCH: Greta Thunberg tears into world leaders for inaction on climate change at UN summit: ""How dare you"" https://t.co/xrMpNF‚Ä¶"
Greta Thunberg,RT @adamcbest: When conservatives attack young activists like David Hogg and Greta Thunberg what they are really saying is ‚ÄúHey
Greta Thunberg,RT @RepAdamSchiff: Greta Thunberg
Greta Thunberg,RT @redsteeze: Malala was shot in the head by radical Islamists for going to school. Greta Thunberg traveled on a million-dollar yacht loan‚Ä¶
Greta Thunberg,"RT @kylegriffin1: Greta Thunberg at #UNGA: ""This is all wrong. I shouldn‚Äôt be up here. I should be in school on the other side of the ocean‚Ä¶"
Greta Thunberg,RT @GretaThunberg: Today at 11:30 I and 15 other children from around the world filed a legal complaint against 5 nations over the climate‚Ä¶
Greta Thunberg,RT @AnnOlivarius: So rare to see a girl (not to mention a woman) so utterly devoid of any desire to please
Greta Thunberg,RT @JordanUhl: Holy shit
Greta Thunberg,RT @TheBabylonBee: Marionette Strings Clearly Visible During Greta Thunberg Testimony
Greta Thunberg,RT @bearshrugged: I was not going to do this as I do not like too personal information on the internet
Greta Thunberg,RT @RealCandaceO: One day
Greta Thunberg,RT @Reuters: 'How dare you? You have stolen my dreams and my childhood.' - Greta Thunberg addresses the UN https://t.co/fednieolmr https://‚Ä¶
Greta Thunberg,RT @cmclymer: It turns out Greta Thunberg is also one hell of a writer. Damn. https://t.co/XSAfuliQpQ
Greta Thunberg,"RT @kylegriffin1: Greta Thunberg at #UNGA: ""This is all wrong. I shouldn‚Äôt be up here. I should be in school on the other side of the ocean‚Ä¶"
Greta Thunberg,RT @prageru: Despicable. 
 like Greta Thunberg, that climate change is going to kill them and everyone they‚Ä¶
Greta Thunberg,RT @MichaelSkolnik: Greta Thunberg. 
Greta Thunberg,RT @MyDaughtersArmy: We are all Greta Thunberg.
Greta Thunberg,RT @WIRED: ‚ÄùPeople are suffering
Greta Thunberg,"RT @CNN: ""You have stolen my dreams and my childhood with your empty words"
Greta Thunberg,"RT @kylegriffin1: Greta Thunberg at #UNGA: ""This is all wrong. I shouldn‚Äôt be up here. I should be in school on the other side of the ocean‚Ä¶"
Greta Thunberg,RT @Condor_Law: 15 children and #GretaThunberg &amp; File a ‚ÄúClimate Complaint‚Äù Against 5 Countries (Not China) in UN - all financed by #Soros!‚Ä¶
Greta Thunberg,RT @_SJPeace_: Greta Thunberg
Greta Thunberg,RT @voguemagazine: ‚ÄúWe are in the beginning of a mass extinction
Greta Thunberg,RT @RepAdamSchiff: Greta Thunberg
Greta Thunberg,RT @GretaThunberg: ‚ÄúPeople are suffering. People are dying. Entire ecosystems are collapsing. We are in the beginning of a mass extinction.‚Ä¶
Greta Thunberg,RT @RepAdamSchiff: Greta Thunberg
Greta Thunberg,RT @SethMacFarlane: She‚Äôs 1000% correct. What‚Äôs being advocated is not new. It‚Äôs the accelerated wholesale transformation of an entire indu‚Ä¶
Greta Thunberg,RT @timjacobwise: You can't have it both ways. You can't attack young folk for being self-absorbed &amp; only concerned about makeup tutorials
Greta Thunberg,RT @TIME: Greta Thunberg to world leaders at the U.N. climate summit: ‚ÄúYou have stolen my dreams and my childhood with your empty words‚Äù ht‚Ä¶
Greta Thunberg,RT @StefanMolyneux: Oh lord above.
Greta Thunberg,RT @Liz_Wheeler: Trump ignores Greta Thunberg. ü§£üá∫üá∏ https://t.co/phY7lKfbHj
Greta Thunberg,RT @murrayb560sl: Question:
Greta Thunberg,RT @JordanUhl: Holy shit
Greta Thunberg,RT @WordswithSteph: #MoscowMitch Marathon 
Greta Thunberg,RT @JordanUhl: Holy shit
Greta Thunberg,RT @RealSaavedra: This speech by far-left activist Greta Thunberg is absolute madness https://t.co/RFyIPZlajQ
Greta Thunberg,"RT @NPR: ""We are in the beginning of a mass extinction"
Greta Thunberg,Angry Greta Thunberg tells global leaders she 'will never forgive' them for failing on climate change. Most of thes‚Ä¶ https://t.co/TX7PDWKF2d
Greta Thunberg,RT @redsteeze: Malala was shot in the head by radical Islamists for going to school. Greta Thunberg traveled on a million-dollar yacht loan‚Ä¶
Greta Thunberg,RT @ValerieComplex: I hope the same energy given to Greta Thunberg is the same energy you give to Little Miss Flint because Flint still wit‚Ä¶
Greta Thunberg,RT @WIRED: ‚ÄùPeople are suffering
Greta Thunberg,RT @FredrikSewell: Anyone who‚Äôs got a problem with Greta Thunberg can pretty much fuck off.
Greta Thunberg,RT @sbstryker: Greta Thunberg‚Äôs glare at Donald Trump is giving me the energy to get through this Monday https://t.co/xdM0rdI2ln
Greta Thunberg,"RT @CNN: ""You have stolen my dreams and my childhood with your empty words"
Greta Thunberg,RT @TIME: Greta Thunberg to world leaders at the U.N. climate summit: ‚ÄúYou have stolen my dreams and my childhood with your empty words‚Äù ht‚Ä¶
Greta Thunberg,RT @girlsreallyrule: Here is 84 year-old anthropologist Jane Goodall with 16 year-old climate activist Greta Thunberg at an event in Switze‚Ä¶
Greta Thunberg,RT @GrahamAllen_1: BREAKING:
Greta Thunberg,RT @LoriCardille: I dedicate this photo to Greta Thunberg. I call it DEFIANCE.  You are amazing Greta and we are with you. Thank you for be‚Ä¶
Greta Thunberg,RT @TheBabylonBee: Marionette Strings Clearly Visible During Greta Thunberg Testimony
Greta Thunberg,RT @MyDaughtersArmy: We are all Greta Thunberg.
Greta Thunberg,RT @ResisterSiano: Raise your hand if you think Greta Thunberg is more intelligent than every member of the GOP.
Greta Thunberg,RT @TwitterMoments: ‚ÄúWe are in the beginning of a mass extinction and all you can talk about is money
Greta Thunberg,RT @GretaThunberg: Today at 11:30 I and 15 other children from around the world filed a legal complaint against 5 nations over the climate‚Ä¶
Greta Thunberg,RT @FredrikSewell: Anyone who‚Äôs got a problem with Greta Thunberg can pretty much fuck off.
Greta Thunberg,RT @FredrikSewell: Anyone who‚Äôs got a problem with Greta Thunberg can pretty much fuck off.
Greta Thunberg,RT @RealCandaceO: One day
Greta Thunberg,RT @WIRED: ‚ÄùPeople are suffering
Greta Thunberg,"RT @CNN: ""You have stolen my dreams and my childhood with your empty words"
Greta Thunberg,RT @TheMominatrixx: GOP: 16-year-old girls are very mature; they can legally consent to sex + get married
Greta Thunberg,RT @CarmineSabia: President Donald Trump walks past Greta Thunberg because he does not bow to 16 year olds. https://t.co/4m9VGMz8CD
Greta Thunberg,"RT @nytimes: Greta Thunberg speaks at the UN climate summit: ""You all come to us young people for hope? How dare you!"""
Greta Thunberg,RT @SketchesbyBoze: I want men to know they can be tender and sensitive and soft like Sufjan Stevens and women to know they can be bold and‚Ä¶
Greta Thunberg,"RT @kylegriffin1: Greta Thunberg at #UNGA: ""This is all wrong. I shouldn‚Äôt be up here. I should be in school on the other side of the ocean‚Ä¶"
Greta Thunberg,RT @SethMacFarlane: She‚Äôs 1000% correct. What‚Äôs being advocated is not new. It‚Äôs the accelerated wholesale transformation of an entire indu‚Ä¶
Greta Thunberg,RT @ValerieComplex: I hope the same energy given to Greta Thunberg is the same energy you give to Little Miss Flint because Flint still wit‚Ä¶
Greta Thunberg,"RT @TIME: ""You have stolen my dreams and my childhood"": Greta Thunberg gives powerful speech at UGNA climate summit https://t.co/wTnCS8wy38"
Greta Thunberg,RT @B52Malmet: If you haven‚Äôt seen this moment
Greta Thunberg,RT @TIME: Greta Thunberg to world leaders at the U.N. climate summit: ‚ÄúYou have stolen my dreams and my childhood with your empty words‚Äù ht‚Ä¶
Greta Thunberg,RT @DSA_Enviro: Greta Thunberg spits fiery truths directly at those who are responsible for continuing to enable the climate crisis
Greta Thunberg,RT @GretaThunberg: ‚ÄúPeople are suffering. People are dying. Entire ecosystems are collapsing. We are in the beginning of a mass extinction.‚Ä¶
Greta Thunberg,RT @adamcbest: When conservatives attack young activists like David Hogg and Greta Thunberg what they are really saying is ‚ÄúHey
Greta Thunberg,RT @MarkDice: This brat Greta Thunberg makes me want to start dumping my trash in the ocean  https://t.co/HJIR3pDkpH
Greta Thunberg,RT @stonecold2050: Greta Thunberg glares at the Idiot arriving at United Nations after scolding international politicians over climate chan‚Ä¶
Greta Thunberg,RT @girlsreallyrule: Here is 84 year-old anthropologist Jane Goodall with 16 year-old climate activist Greta Thunberg at an event in Switze‚Ä¶
Greta Thunberg,RT @CollinRogg: Democrats are now installing whiny little brats like Greta Thunberg (@GretaThunberg) to promote their far-left politicized‚Ä¶
Greta Thunberg,RT @_SJPeace_: Greta Thunberg
Greta Thunberg,RT @WordswithSteph: #MoscowMitch Marathon 
Greta Thunberg,RT @RealSaavedra: This speech by far-left activist Greta Thunberg is absolute madness https://t.co/RFyIPZlajQ
Greta Thunberg,"RT @NPR: ""We are in the beginning of a mass extinction"
Greta Thunberg,RT @WIRED: ‚ÄùPeople are suffering
Greta Thunberg,RT @sbstryker: Greta Thunberg‚Äôs glare at Donald Trump is giving me the energy to get through this Monday https://t.co/xdM0rdI2ln
Greta Thunberg,RT @RealCandaceO: One day
Greta Thunberg,RT @RealCandaceO: One day
Greta Thunberg,RT @eugenegu: Adults attacking Greta Thunberg and David Hogg is totally on brand with these same adults destroying the planet for money and‚Ä¶
Greta Thunberg,RT @eugenegu: Adults attacking Greta Thunberg and David Hogg is totally on brand with these same adults destroying the planet for money and‚Ä¶
Greta Thunberg,RT @_SJPeace_: Greta Thunberg
Greta Thunberg,"RT @AuthorKimberley: ""On Monday"
Greta Thunberg,RT @GretaThunberg: Today at 11:30 I and 15 other children from around the world filed a legal complaint against 5 nations over the climate‚Ä¶
Greta Thunberg,"RT @nytimes: Greta Thunberg speaks at the UN climate summit: ""You all come to us young people for hope? How dare you!"""
Greta Thunberg,RT @Ian56789: Neoliberal Globalist Oligarch George Soros is behind the promotion and rapid ascension to prominence of Greta Thunberg - usin‚Ä¶
Greta Thunberg,RT @vegan4thePigs: Greta Thunberg talking about why she went vegan! ‚ÄúI have stopped eating meat and dairy
Greta Thunberg,RT @QBlueSkyQ: @realDonaldTrump UN was founded by Communists &amp; #CFR members whose goal is a socialist one world government #NWO
Greta Thunberg,RT @Slate: ‚ÄúYou are failing us. But the young people are starting to understand your betrayal.‚Äù https://t.co/DHlmE3Pzn3
Greta Thunberg,RT @TheMarkPantano: Greta Thunberg gives a speech
Greta Thunberg,WATCH: Greta Thunberg's full speech to world leaders at UN Climate Action | https://t.co/qVfmeGV37b via @YouTube
Greta Thunberg,RT @DougKass: A sixteen year old with Aspergers
Greta Thunberg,RT @_SJPeace_: Greta Thunberg
Greta Thunberg,RT @RealCandaceO: One day
Greta Thunberg,RT @sbstryker: Greta Thunberg‚Äôs glare at Donald Trump is giving me the energy to get through this Monday https://t.co/xdM0rdI2ln
Greta Thunberg,RT @adamcbest: When conservatives attack young activists like David Hogg and Greta Thunberg what they are really saying is ‚ÄúHey
Greta Thunberg,RT @TXTrumpette89: SURPRISE! The Official Escort for 16-Year-Old Global Warming ‚ÄòExpert‚Äô Greta Thunberg Is a Leftist Hack Funded by George‚Ä¶
Greta Thunberg,RT @GretaThunberg: ‚ÄúPeople are suffering. People are dying. Entire ecosystems are collapsing. We are in the beginning of a mass extinction.‚Ä¶
Greta Thunberg,RT @prageru: Despicable. 
 like Greta Thunberg, that climate change is going to kill them and everyone they‚Ä¶
Greta Thunberg,RT @MyDaughtersArmy: We are all Greta Thunberg.
Greta Thunberg,"RT @CNN: ""You have stolen my dreams and my childhood with your empty words"
Greta Thunberg,RT @wharsmetoothpic: Greta Thunberg staring straight into Trump's dark
Greta Thunberg,RT @1776Stonewall: psychotic Swedish teen climate freak
Greta Thunberg,RT @Ian56789: Vomit!ü§Æü§Æü§Æ
 brainwashed, evidence free testimony for the Neoliberal Globalists agenda at‚Ä¶
Greta Thunberg,RT @_SJPeace_: Greta Thunberg
Greta Thunberg,RT @TheMarkPantano: Greta Thunberg gives a speech
Greta Thunberg,RT @_SJPeace_: Greta Thunberg
Greta Thunberg,RT @TIME: Greta Thunberg to world leaders at the U.N. climate summit: ‚ÄúYou have stolen my dreams and my childhood with your empty words‚Äù ht‚Ä¶
Greta Thunberg,RT @WIRED: ‚ÄùPeople are suffering
Greta Thunberg,RT @SenWhitehouse: At some point
Greta Thunberg,RT @TPoppaPuff: @CarpeDonktum @realDonaldTrump Do all Swedish girls sound like a movie from the 40's or is it just the brainwashed ones?‚Ä¶
Greta Thunberg,RT @bornmiserable: PICTURED: a petulant child with a mental disorder and Greta Thunberg https://t.co/1RFcr81R1A
Greta Thunberg,RT @MohamedMOSalih: All in favour of Greta Thunberg for the Nobel Peace Prize üôã‚Äç‚ôÇÔ∏è
Greta Thunberg,RT @FredrikSewell: Anyone who‚Äôs got a problem with Greta Thunberg can pretty much fuck off.
Greta Thunberg,"RT @kylegriffin1: Greta Thunberg at #UNGA: ""This is all wrong. I shouldn‚Äôt be up here. I should be in school on the other side of the ocean‚Ä¶"
Greta Thunberg,RT @gatewaypundit: MUST SEE: Green Teen Greta Thunberg Caught SCOWLING as Trump Upstages Her at UN (Video) https://t.co/TBuzjxNrPp via @gat‚Ä¶
Greta Thunberg,RT @ValerieComplex: I hope the same energy given to Greta Thunberg is the same energy you give to Little Miss Flint because Flint still wit‚Ä¶
Greta Thunberg,RT @girlsreallyrule: Here is 84 year-old anthropologist Jane Goodall with 16 year-old climate activist Greta Thunberg at an event in Switze‚Ä¶
Greta Thunberg,RT @sbstryker: Greta Thunberg‚Äôs glare at Donald Trump is giving me the energy to get through this Monday https://t.co/xdM0rdI2ln
Greta Thunberg,RT @StefanMolyneux: Oh lord above.
Greta Thunberg,RT @JohnWHuber: I don‚Äôt care if she‚Äôs 16. Greta Thunberg is woefully uninformed about energy &amp; climate
Greta Thunberg,"RT @CNN: ""You have stolen my dreams and my childhood with your empty words"
Greta Thunberg,RT @guardian: 'How dare you ‚Äì you have stolen my dreams and my childhood' 
Greta Thunberg,RT @funder: ‚ÄùPeople are suffering
Greta Thunberg,"RT @ABC: Swedish climate activist Greta Thunberg at #UNGA: ""This is all wrong...You all come to us young people for hope. How dare you! You‚Ä¶"
Greta Thunberg,"RT @CNN: ""You have stolen my dreams and my childhood with your empty words"
Greta Thunberg,"RT @owillis: Greta Thunberg shames the world at the United Nations for failing on climate. ""How dare you."" - powerful stuff https://t.co/0d‚Ä¶"
Greta Thunberg,"RT @HuffPost: ""How dare you!"" Teen climate activist Greta Thunberg went after world leaders at the United Nations climate action summit. #C‚Ä¶"
Greta Thunberg,RT @TIME: Greta Thunberg to world leaders at the U.N. climate summit: ‚ÄúYou have stolen my dreams and my childhood with your empty words‚Äù ht‚Ä¶
Greta Thunberg,RT @w_terrence: WHY EXPLOIT CHILDREN? 
Greta Thunberg,RT @w_terrence: WHY EXPLOIT CHILDREN? 
Greta Thunberg,The hate and vitriol against Greta Thunberg is absolutely insane. Just mind blowingly
Greta Thunberg,RT @Nicoxw1: EMMY AWARD
Greta Thunberg,RT @_SJPeace_: Greta Thunberg
Greta Thunberg,RT @JenAshleyWright: Well
Greta Thunberg,"Greta Thunberg At UN Climate Summit Thunders: ""How Dare You?"" - https://t.co/JWVvsQLpE4 via @Shareaholic"
Greta Thunberg,RT @w_terrence: WHY EXPLOIT CHILDREN? 
Greta Thunberg,RT @GrahamAllen_1: BREAKING:
Greta Thunberg,RT @EdgeCGroup: And my favorite GIF of the day goes to @realDonaldTrump ü§î ü§£ #Trump  #Trump2020Landslide #GretaThunberg #ClimateActionSummit‚Ä¶
Greta Thunberg,RT @timjacobwise: You can't have it both ways. You can't attack young folk for being self-absorbed &amp; only concerned about makeup tutorials
Greta Thunberg,RT @_SJPeace_: This was Greta Thunberg 15
Greta Thunberg,RT @KanielaIng: ‚ÄúPeople are dying. Entire ecosystems are collapsing.
Greta Thunberg,RT @SenWhitehouse: Worse still
Greta Thunberg,RT @RepAdamSchiff: Greta Thunberg
Greta Thunberg,"RT @CNN: ""You have stolen my dreams and my childhood with your empty words"
Greta Thunberg,RT @TheJordanRachel: Raise your hand if you think Greta Thunberg should go give her climate speech to China üòÇ
Greta Thunberg,RT @mmpadellan: The Climate Change Denier in Chief wants a Nobel Peace Prize
Greta Thunberg,Greta Thunberg to world leaders: 'How dare you? You have stolen my dreams and my childhood' https://t.co/2hYAHserR7
Greta Thunberg,"RT @kylegriffin1: Greta Thunberg at #UNGA: ""This is all wrong. I shouldn‚Äôt be up here. I should be in school on the other side of the ocean‚Ä¶"
Greta Thunberg,RT @ValerieComplex: I hope the same energy given to Greta Thunberg is the same energy you give to Little Miss Flint because Flint still wit‚Ä¶
Greta Thunberg,"RT @thehill: WATCH: Greta Thunberg tears into world leaders for inaction on climate change at UN summit: ""How dare you"" https://t.co/xrMpNF‚Ä¶"
Greta Thunberg,RT @CNN: Swedish climate activist Greta Thunberg and 15 other young people have filed a complaint with the UN alleging that five of the wor‚Ä¶
Greta Thunberg,RT @jephjacques: Greta Thunberg is quite literally speaking truth to power and every shitty old white person on the planet is mad that she‚Ä¶
Greta Thunberg,RT @TIME: Greta Thunberg to world leaders at the U.N. climate summit: ‚ÄúYou have stolen my dreams and my childhood with your empty words‚Äù ht‚Ä¶
Greta Thunberg,RT @Winston8Smith: ‚ÄúThe Old Ones say the women will lead the healing among the tribes. Inside them are the powers of love and strength give‚Ä¶
Greta Thunberg,RT @Brigid_Ire: @TheCrushedBones Pope Francis and Greta Thunberg's  new commandments....lol... https://t.co/sm9n8snXN6
Greta Thunberg,RT @TIME: Greta Thunberg to world leaders at the U.N. climate summit: ‚ÄúYou have stolen my dreams and my childhood with your empty words‚Äù ht‚Ä¶
Greta Thunberg,RT @TwitterMoments: ‚ÄúWe are in the beginning of a mass extinction and all you can talk about is money
Greta Thunberg,RT @MyDaughtersArmy: We are all Greta Thunberg.
Greta Thunberg,RT @w_terrence: WHY EXPLOIT CHILDREN? 
Greta Thunberg,RT @1776Stonewall: psychotic Swedish teen climate freak
Greta Thunberg,RT @TIME: Greta Thunberg to world leaders at the U.N. climate summit: ‚ÄúYou have stolen my dreams and my childhood with your empty words‚Äù ht‚Ä¶
Greta Thunberg,"RT @kylegriffin1: Greta Thunberg at #UNGA: ""This is all wrong. I shouldn‚Äôt be up here. I should be in school on the other side of the ocean‚Ä¶"
Greta Thunberg,RT @kate_manne: Giving hope
Greta Thunberg,RT @TheSpeaker2018: ü§£ Greta Thunberg looked a little pissed off when @POTUS stole her limelight..
Greta Thunberg,RT @prageru: Despicable. 
 like Greta Thunberg, that climate change is going to kill them and everyone they‚Ä¶
Greta Thunberg,"RT @CNN: ""You have stolen my dreams and my childhood with your empty words"
Greta Thunberg,RT @CBCNews: Teenage climate change activist Greta Thunberg opened the United Nations Climate Action Summit with an angry condemnation of w‚Ä¶
Greta Thunberg,RT @FredrikSewell: Anyone who‚Äôs got a problem with Greta Thunberg can pretty much fuck off.
Greta Thunberg,RT @CarmineSabia: President Donald Trump walks past Greta Thunberg because he does not bow to 16 year olds. https://t.co/4m9VGMz8CD
Greta Thunberg,RT @WIRED: ‚ÄùPeople are suffering
Greta Thunberg,RT @RealCandaceO: One day
Greta Thunberg,RT @ResisterSiano: Raise your hand if you think Greta Thunberg is more intelligent than every member of the GOP.
Greta Thunberg,RT @TIME: Greta Thunberg to world leaders at the U.N. climate summit: ‚ÄúYou have stolen my dreams and my childhood with your empty words‚Äù ht‚Ä¶
Greta Thunberg,RT @1776Stonewall: psychotic Swedish teen climate freak
Greta Thunberg,RT @_SJPeace_: Greta Thunberg
Greta Thunberg,RT @FredrikSewell: Anyone who‚Äôs got a problem with Greta Thunberg can pretty much fuck off.
Greta Thunberg,RT @_SJPeace_: Greta Thunberg
Greta Thunberg,RT @KaivanShroff: Watching countless Republican men over 40 bully Greta Thunberg ‚Äî a 16-year-old girl with Aspergers who is literally broug‚Ä¶
Greta Thunberg,RT @KaivanShroff: Watching countless Republican men over 40 bully Greta Thunberg ‚Äî a 16-year-old girl with Aspergers who is literally broug‚Ä¶
Greta Thunberg,RT @KaivanShroff: Watching countless Republican men over 40 bully Greta Thunberg ‚Äî a 16-year-old girl with Aspergers who is literally broug‚Ä¶
Greta Thunberg,RT @TIME: Greta Thunberg to world leaders at the U.N. climate summit: ‚ÄúYou have stolen my dreams and my childhood with your empty words‚Äù ht‚Ä¶
Greta Thunberg,RT @ProudResister: Trump: ‚ÄúClimate change is a hoax.‚Äù
Greta Thunberg,RT @mitchellvii: SO I'M JUST ASSUMING SHE SWAM TO AMERICA? Far-Left Climate Extremist Greta Thunberg Snaps: ‚ÄòWe Are In The Beginning Of A M‚Ä¶
Greta Thunberg,RT @Palle_Hoffstein: It's hard to describe the importance of Greta Thunberg here in Sweden. Swedes are incredibly proud of her while also b‚Ä¶
Greta Thunberg,RT @MrAndyNgo: Greta Thunberg
Greta Thunberg,RT @w_terrence: WHY EXPLOIT CHILDREN? 
Greta Thunberg,RT @itsJeffTiedrich: Q: what's one thing Greta Thunberg has that Donald Trump doesn't?
Greta Thunberg,RT @redsteeze: When you hide behind teenage kids like David Hogg and Greta Thunberg and use them for human shields like you are now
Greta Thunberg,RT @GretaThunberg: Today at 11:30 I and 15 other children from around the world filed a legal complaint against 5 nations over the climate‚Ä¶
Greta Thunberg,Wow talk about you Democratsare doing just what HITLER did! Indoctrination of the youth! This girl is a brainwashed‚Ä¶ https://t.co/HacXITZivc
Greta Thunberg,RT @adamcbest: When conservatives attack young activists like David Hogg and Greta Thunberg what they are really saying is ‚ÄúHey
Greta Thunberg,RT @GretaThunberg: ‚ÄúPeople are suffering. People are dying. Entire ecosystems are collapsing. We are in the beginning of a mass extinction.‚Ä¶
Greta Thunberg,RT @goldengateblond: Congratulations to Greta Thunberg
Greta Thunberg,RT @TrumpsGAGirl: Wonder if this brainwashed pawn for the Left
Greta Thunberg,RT @MarkDice: This brat Greta Thunberg makes me want to start dumping my trash in the ocean  https://t.co/HJIR3pDkpH
Greta Thunberg,RT @docrocktex26: Greta Thunberg Delivered A Powerful Speech Then Shot Trump A Death Stare At The UN Climate Summit https://t.co/9ChtbybX3M‚Ä¶
Greta Thunberg,RT @StefanMolyneux: Oh lord above.
Greta Thunberg,"RT @thehill: WATCH: Greta Thunberg tears into world leaders for inaction on climate change at UN summit: ""How dare you"" https://t.co/xrMpNF‚Ä¶"
Greta Thunberg,RT @w_terrence: WHY EXPLOIT CHILDREN? 
Greta Thunberg,"RT @ABC: Swedish climate activist Greta Thunberg at #UNGA: ""This is all wrong...You all come to us young people for hope. How dare you! You‚Ä¶"
Greta Thunberg,It's really disgusting that some people are making fun of Greta Thunberg
Greta Thunberg,"RT @CNN: ""You have stolen my dreams and my childhood with your empty words"
Greta Thunberg,RT @1776Stonewall: psychotic Swedish teen climate freak
Greta Thunberg,RT @_SJPeace_: Greta Thunberg
Greta Thunberg,RT @BuckSexton: So weird how the ‚Äúcant criticize kids rule‚Äù that the media enforces with dictatorial resolve is applicable to Greta Thunber‚Ä¶
Greta Thunberg,RT @BuckSexton: So weird how the ‚Äúcant criticize kids rule‚Äù that the media enforces with dictatorial resolve is applicable to Greta Thunber‚Ä¶
Greta Thunberg,RT @Kate3015: How dare you?: Thunberg thunders https://t.co/Us4qoXaK6r Anyone who knows anything about living with people with Aspergers se‚Ä¶
Greta Thunberg,RT @stonecold2050: Greta Thunberg glares at the Idiot arriving at United Nations after scolding international politicians over climate chan‚Ä¶
Greta Thunberg,"RT @CNN: ""You have stolen my dreams and my childhood with your empty words"
Greta Thunberg,RT @mmpadellan: The Climate Change Denier in Chief wants a Nobel Peace Prize
Greta Thunberg,"RT @CNN: ""You have stolen my dreams and my childhood with your empty words"
Greta Thunberg,RT @cnnbrk: Climate activist Greta Thunberg and 15 other young people file a human rights complaint with the United Nations against five co‚Ä¶
Greta Thunberg,RT @molly_knight: The very worst men on the Internet are rightfully terrified of sixteen-year-old Greta Thunberg and it is glorious.
Greta Thunberg,RT @MyDaughtersArmy: We are all Greta Thunberg.
Greta Thunberg,"RT @AsteadWesley: Greta ""drag them sis"" Thunberg https://t.co/0jZHQ9DN1l"
Greta Thunberg,RT @RealCandaceO: One day
Greta Thunberg,RT @TheMominatrixx: GOP: 16-year-old girls are very mature; they can legally consent to sex + get married
Greta Thunberg,RT @WIRED: ‚ÄùPeople are suffering
Greta Thunberg,RT @Bolt_RSS: GRETA THUNBERG'S MAD SPEECH APPLAUDED BY HYSTERICS. HOW DARE THEY?  #auspol https://t.co/utpLzeXCO4
Greta Thunberg,RT @RealCandaceO: One day
Greta Thunberg,RT @justcalma: Small island nations are charging forward w/ climate action and calling on others to follow their lead
Greta Thunberg,RT @GretaThunberg: ‚ÄúPeople are suffering. People are dying. Entire ecosystems are collapsing. We are in the beginning of a mass extinction.‚Ä¶
Greta Thunberg,RT @w_terrence: WHY EXPLOIT CHILDREN? 
Greta Thunberg,RT @ProudResister: Trump: ‚ÄúClimate change is a hoax.‚Äù
Greta Thunberg,RT @DrGJackBrown: Donald Trump is afraid of #GretaThunberg. He fears her. He's afraid of being in the same room with her. He knows the publ‚Ä¶
Greta Thunberg,"RT @thehill: WATCH: Greta Thunberg tears into world leaders for inaction on climate change at UN summit: ""How dare you"" https://t.co/xrMpNF‚Ä¶"
Greta Thunberg,"RT @ABC: Swedish climate activist Greta Thunberg at #UNGA: ""This is all wrong...You all come to us young people for hope. How dare you! You‚Ä¶"
Greta Thunberg,"RT @CNN: ""You have stolen my dreams and my childhood with your empty words"
Greta Thunberg,RT @ProudResister: Trump: ‚ÄúClimate change is a hoax.‚Äù
Greta Thunberg,RT @TIME: Greta Thunberg to world leaders at the U.N. climate summit: ‚ÄúYou have stolen my dreams and my childhood with your empty words‚Äù ht‚Ä¶
Greta Thunberg,RT @FindingTarshish: Everyone who is attacking #GretaThunberg: Have you ever watched your future burn in front of your eyes
Greta Thunberg,RT @cnnbrk: Climate activist Greta Thunberg and 15 other young people file a human rights complaint with the United Nations against five co‚Ä¶
Greta Thunberg,"RT @CNN: ""You have stolen my dreams and my childhood with your empty words"
Greta Thunberg,RT @RealCandaceO: One day
Greta Thunberg,RT @MyDaughtersArmy: We are all Greta Thunberg.
Greta Thunberg,RT @WIRED: ‚ÄùPeople are suffering
Greta Thunberg,RT @TwitterMoments: ‚ÄúWe are in the beginning of a mass extinction and all you can talk about is money
Greta Thunberg,RT @timjacobwise: You can't have it both ways. You can't attack young folk for being self-absorbed &amp; only concerned about makeup tutorials
Greta Thunberg,RT @TIME: Greta Thunberg to world leaders at the U.N. climate summit: ‚ÄúYou have stolen my dreams and my childhood with your empty words‚Äù ht‚Ä¶
Greta Thunberg,RT @w_terrence: WHY EXPLOIT CHILDREN? 
Greta Thunberg,RT @SBSNews: A video clip of US President Donald Trump walking past teen climate activist Greta Thunberg in the corridors of the United Nat‚Ä¶
Greta Thunberg,RT @RealCandaceO: One day
Greta Thunberg,RT @Charitable_Fury: Totally BRAINWASHED! ‚Äî Climate change ‚Äúdarling‚Äù
Greta Thunberg,RT @w_terrence: WHY EXPLOIT CHILDREN? 
Greta Thunberg,RT @TIME: Greta Thunberg to world leaders at the U.N. climate summit: ‚ÄúYou have stolen my dreams and my childhood with your empty words‚Äù ht‚Ä¶
Greta Thunberg,RT @mmpadellan: The Climate Change Denier in Chief wants a Nobel Peace Prize
Greta Thunberg,RT @WIRED: ‚ÄùPeople are suffering
Greta Thunberg,"RT @SkyNews: ""You have stolen my dreams and my childhood with your empty words."""
Greta Thunberg,RT @NewYorker: Greta Thunberg speaks directly to world leaders at the U.N. Climate Action Summit. #UNGA https://t.co/JyMP5khECb
Greta Thunberg,"RT @AuthorKimberley: ""On Monday"
Greta Thunberg,"RT @CNN: ""You have stolen my dreams and my childhood with your empty words"
Greta Thunberg,RT @WordswithSteph: Old numbskulls taking potshots at a brilliant girl trying to save the world. Bullying
Greta Thunberg,"RT @kylegriffin1: Greta Thunberg at #UNGA: ""This is all wrong. I shouldn‚Äôt be up here. I should be in school on the other side of the ocean‚Ä¶"
Greta Thunberg,RT @RealCandaceO: One day
Greta Thunberg,This Greta Thunberg astroturfing is so twisted and cynical. It surprises even me. Imagine using an austistic child‚Ä¶ https://t.co/cU0FPGTRYT
Greta Thunberg,RT @WordswithSteph: Old numbskulls taking potshots at a brilliant girl trying to save the world. Bullying
Greta Thunberg,RT @JordanUhl: Holy shit
Greta Thunberg,RT @jephjacques: Greta Thunberg is quite literally speaking truth to power and every shitty old white person on the planet is mad that she‚Ä¶
Greta Thunberg,RT @kate_manne: Giving hope
Greta Thunberg,RT @GretaThunberg: Today at 11:30 I and 15 other children from around the world filed a legal complaint against 5 nations over the climate‚Ä¶
Greta Thunberg,RT @RealCandaceO: One day
Greta Thunberg,RT @OhNoSheTwitnt: If Greta Thunberg was out there telling the world that hurricanes happen because God hates abortion
Greta Thunberg,The #Right - The left are bullying #GretaThunberg !
Greta Thunberg,RT @TIME: Greta Thunberg to world leaders at the U.N. climate summit: ‚ÄúYou have stolen my dreams and my childhood with your empty words‚Äù ht‚Ä¶
Greta Thunberg,RT @w_terrence: WHY EXPLOIT CHILDREN? 
Greta Thunberg,"RT @Kokomothegreat: ""HOW DARE YOU!"" üíô"
Greta Thunberg,RT @TIME: Greta Thunberg to world leaders at the U.N. climate summit: ‚ÄúYou have stolen my dreams and my childhood with your empty words‚Äù ht‚Ä¶
Greta Thunberg,"RT @Neoavatara: ""...nearly 30% of voters now claim to believe it‚Äôs ‚Äúat least somewhat likely‚Äù that the earth will become uninhabitable and‚Ä¶"
Greta Thunberg,RT @JohnWHuber: I don‚Äôt care if she‚Äôs 16. Greta Thunberg is woefully uninformed about energy &amp; climate
Greta Thunberg,RT @MichaelSpring17: 16 year old Greta Thunberg made an inspiring
Greta Thunberg,RT @MichaelSpring17: 16 year old Greta Thunberg made an inspiring
Greta Thunberg,@ethanparker99 @Wsep4765William It's such a simple message. When will the world see things with the clarity of‚Ä¶ https://t.co/DTZlKvabXe
Greta Thunberg,"RT @nprpolitics: ""You have stolen my dreams"
Greta Thunberg,RT @mmpadellan: The Climate Change Denier in Chief wants a Nobel Peace Prize
Greta Thunberg,RT @jephjacques: Greta Thunberg is quite literally speaking truth to power and every shitty old white person on the planet is mad that she‚Ä¶
Greta Thunberg,"RT @billmckibben: Big thanks to @GretaThunberg for straightforwardly taking on the ""fairytale of eternal economic growth."""
Greta Thunberg,RT @Lateralist76: Greta Thunberg stares at a piece of human garbage with the withering contempt it deserves.  https://t.co/NompWNvQGC
Greta Thunberg,RT @mmpadellan: The Climate Change Denier in Chief wants a Nobel Peace Prize
Greta Thunberg,RT @adamcbest: When conservatives attack young activists like David Hogg and Greta Thunberg what they are really saying is ‚ÄúHey
Greta Thunberg,RT @adamcbest: When conservatives attack young activists like David Hogg and Greta Thunberg what they are really saying is ‚ÄúHey
Greta Thunberg,"RT @michinara3: Greta Thunberg ""We are in the beginning of a mass extinction and all you can talk about is money and fairy tales of eternal‚Ä¶"
Greta Thunberg,RT @_SJPeace_: Greta Thunberg
Greta Thunberg,RT @GrahamAllen_1: BREAKING:
Greta Thunberg,RT @ResisterSiano: Raise your hand if you think Greta Thunberg is more intelligent than every member of the GOP.
Greta Thunberg,RT @w_terrence: WHY EXPLOIT CHILDREN? 
Greta Thunberg,"RT @nytimes: Greta Thunberg speaks at the UN climate summit: ""You all come to us young people for hope? How dare you!"""
Greta Thunberg,RT @Padilla_Cury: @TheEconomist Climate Change? Or NWO dark agenda? #GretaThunberg https://t.co/1X8TjDyNCd
Greta Thunberg,RT @ResisterSiano: Raise your hand if you think Greta Thunberg is more intelligent than every member of the GOP.
Greta Thunberg,RT @kate_manne: Giving hope
Greta Thunberg,RT @w_terrence: WHY EXPLOIT CHILDREN? 
Greta Thunberg,RT @w_terrence: WHY EXPLOIT CHILDREN? 
Greta Thunberg,RT @JesseFFerguson: Trump's wingers are FAR tougher on Greta Thunberg than they are on Vladimir Putin
Greta Thunberg,RT @RepAdamSchiff: Greta Thunberg
Greta Thunberg,RT @ProudResister: Trump: ‚ÄúClimate change is a hoax.‚Äù
Greta Thunberg,RT @WIRED: ‚ÄùPeople are suffering
Greta Thunberg,Greta Thunberg is a prophet. https://t.co/RL27oPAaQc
Greta Thunberg,RT @RepAdamSchiff: Greta Thunberg
Greta Thunberg,"RT @kylegriffin1: Greta Thunberg at #UNGA: ""This is all wrong. I shouldn‚Äôt be up here. I should be in school on the other side of the ocean‚Ä¶"
Greta Thunberg,RT @GretaThunberg: Today at 11:30 I and 15 other children from around the world filed a legal complaint against 5 nations over the climate‚Ä¶
Greta Thunberg,"RT @billmckibben: Big thanks to @GretaThunberg for straightforwardly taking on the ""fairytale of eternal economic growth."""
Greta Thunberg,RT @RealCandaceO: One day
Greta Thunberg,RT @JohnRMoffitt: ‚ÄúPeople are suffering. People are dying. Entire ecosystems are collapsing. We are in the beginning of a mass extinction.‚Ä¶
Greta Thunberg,RT @TIME: Greta Thunberg to world leaders at the U.N. climate summit: ‚ÄúYou have stolen my dreams and my childhood with your empty words‚Äù ht‚Ä¶
Greta Thunberg,RT @rdrhwke: Just curious. What makes her an expert to begin with? And why isn't she in China screaming at them? They're the worst polluter‚Ä¶
Greta Thunberg,RT @wharsmetoothpic: Greta Thunberg staring straight into Trump's dark
Greta Thunberg,RT @w_terrence: WHY EXPLOIT CHILDREN? 
Greta Thunberg,"RT @TXTrumpette89: ""Greta Thunberg looks furious as Trump hijacks her UN entrance"""
Greta Thunberg,"RT @nytimes: Greta Thunberg speaks at the UN climate summit: ""You all come to us young people for hope? How dare you!"""
Greta Thunberg,Who is more unlikeable: David Hogg or Greta Thunberg?
Greta Thunberg,@OxfordDiplomat Maybe it just dawned on him that the young climate change campaigner Greta Thunberg will get it bef‚Ä¶ https://t.co/0tBhKwoXs2
Greta Thunberg,RT @RutiRegan: Can people please remember that 
Greta Thunberg,RT @TIME: Greta Thunberg to world leaders at the U.N. climate summit: ‚ÄúYou have stolen my dreams and my childhood with your empty words‚Äù ht‚Ä¶
Greta Thunberg,RT @kate_manne: Giving hope
Greta Thunberg,RT @troiansbiscuit: Greta Thunberg is one of the greatest people on this planet. She‚Äôs 16 years old and she‚Äôs done more for the planet this‚Ä¶
Greta Thunberg,RT @MichaelSkolnik: Greta Thunberg. 
Greta Thunberg,RT @FredrikSewell: Anyone who‚Äôs got a problem with Greta Thunberg can pretty much fuck off.
Greta Thunberg,"RT @CNN: ""You have stolen my dreams and my childhood with your empty words"
Greta Thunberg,RT @ValerieComplex: I hope the same energy given to Greta Thunberg is the same energy you give to Little Miss Flint because Flint still wit‚Ä¶
Greta Thunberg,RT @w_terrence: WHY EXPLOIT CHILDREN? 
Greta Thunberg,RT @FredrikSewell: Anyone who‚Äôs got a problem with Greta Thunberg can pretty much fuck off.
Greta Thunberg,RT @DrGJackBrown: Donald Trump is afraid of #GretaThunberg. He fears her. He's afraid of being in the same room with her. He knows the publ‚Ä¶
Greta Thunberg,RT @_SJPeace_: Greta Thunberg
Greta Thunberg,RT @MrAndyNgo: Greta Thunberg
Greta Thunberg,"RT @CNN: ""You have stolen my dreams and my childhood with your empty words"
Greta Thunberg,RT @RepAdamSchiff: Greta Thunberg
Greta Thunberg,RT @gatewaypundit: MUST SEE: Green Teen Greta Thunberg Caught SCOWLING as Trump Upstages Her at UN (Video) https://t.co/TBuzjxNrPp via @gat‚Ä¶
Greta Thunberg,RT @Reuters: A visibly emotional @GretaThunberg said in stern remarks at the opening of the United Nations Climate Action Summit that the g‚Ä¶
Greta Thunberg,RT @MyDaughtersArmy: We are all Greta Thunberg.
Greta Thunberg,RT @mmpadellan: The Climate Change Denier in Chief wants a Nobel Peace Prize
Greta Thunberg,RT @RealSaavedra: This speech by far-left activist Greta Thunberg is absolute madness https://t.co/RFyIPZlajQ
Greta Thunberg,RT @eugenegu: Adults attacking Greta Thunberg and David Hogg is totally on brand with these same adults destroying the planet for money and‚Ä¶
Greta Thunberg,RT @MyDaughtersArmy: We are all Greta Thunberg.
Greta Thunberg,RT @WayneDupreeShow: Where are this child's parents? People are calling this abuse. What say you? 
Greta Thunberg,RT @AnnOlivarius: So rare to see a girl (not to mention a woman) so utterly devoid of any desire to please
Greta Thunberg,"RT @michinara3: Greta Thunberg ""We are in the beginning of a mass extinction and all you can talk about is money and fairy tales of eternal‚Ä¶"
Greta Thunberg,"RT @CNN: ""You have stolen my dreams and my childhood with your empty words"
Greta Thunberg,"RT @NPR: ""We are in the beginning of a mass extinction"
Greta Thunberg,RT @guardianeco: Greta Thunberg to world leaders: 'How dare you? You have stolen my dreams and my childhood' - video https://t.co/fz8c7vJwPf
Greta Thunberg,RT @Reuters: A visibly emotional @GretaThunberg said in stern remarks at the opening of the United Nations Climate Action Summit that the g‚Ä¶
Greta Thunberg,RT @adamcbest: When conservatives attack young activists like David Hogg and Greta Thunberg what they are really saying is ‚ÄúHey
Greta Thunberg,"RT @Robbytreeroot: ""If world leaders choose to fail us"
Greta Thunberg,RT @adamcbest: When conservatives attack young activists like David Hogg and Greta Thunberg what they are really saying is ‚ÄúHey
Greta Thunberg,RT @MrAndyNgo: Greta Thunberg
Greta Thunberg,RT @CyrusMMcQueen: I may get in trouble for sayin it quite this way but
Greta Thunberg,RT @RealCandaceO: One day
Greta Thunberg,"RT @kylegriffin1: Greta Thunberg at #UNGA: ""This is all wrong. I shouldn‚Äôt be up here. I should be in school on the other side of the ocean‚Ä¶"
Greta Thunberg,RT @PhillipAdams_1: I nominate Greta Thunberg as Australian of the Year
Greta Thunberg,RT @B52Malmet: If you haven‚Äôt seen this moment
Greta Thunberg,Memes mocking Greta Thunberg on her appearance are a great way to show you‚Äôre a beta cuck that gave up and will let‚Ä¶ https://t.co/XvXViIlP3U
Greta Thunberg,RT @RealCandaceO: One day
Greta Thunberg,RT @tonyposnanski: Fuck every single dumbfuck adult who attacks Greta Thunberg
Greta Thunberg,"RT @CNN: ""You have stolen my dreams and my childhood with your empty words"
Greta Thunberg,RT @bearshrugged: I was not going to do this as I do not like too personal information on the internet
Greta Thunberg,RT @TwitterMoments: ‚ÄúWe are in the beginning of a mass extinction and all you can talk about is money
Greta Thunberg,RT @redsteeze: When you hide behind teenage kids like David Hogg and Greta Thunberg and use them for human shields like you are now
Greta Thunberg,RT @TheMarkPantano: Greta Thunberg gives a speech
Greta Thunberg,RT @daveyk317: #GretaThunberg
Greta Thunberg,RT @prageru: Despicable. 
 like Greta Thunberg, that climate change is going to kill them and everyone they‚Ä¶
Greta Thunberg,Greta Thunberg and the Global Eco-Fascist Movement https://t.co/80tB88uwdl #BitChute
Greta Thunberg,RT @TwitterMoments: ‚ÄúWe are in the beginning of a mass extinction and all you can talk about is money
Greta Thunberg,Let Us Now Praise Greta Thunberg‚Äôs White-Hot Rage https://t.co/NVdVhn85wn
Greta Thunberg,RT @_SJPeace_: Greta Thunberg
Greta Thunberg,RT @w_terrence: WHY EXPLOIT CHILDREN? 
Greta Thunberg,Thunberg‚Äôs steely look at Trump prompted an immediate response on social media. https://t.co/80DGQe4GJm
Greta Thunberg,RT @GretaThunberg: Today at 11:30 I and 15 other children from around the world filed a legal complaint against 5 nations over the climate‚Ä¶
Greta Thunberg,RT @CHIZMAGA: Greta Thunberg: ‚ÄúWorld leaders have stolen my dreams and my childhood with their empty words.‚Äù
Greta Thunberg,RT @GretaThunberg: ‚ÄúPeople are suffering. People are dying. Entire ecosystems are collapsing. We are in the beginning of a mass extinction.‚Ä¶
Greta Thunberg,RT @DavidWinterA: Greta Thunberg deserves the Nobel Peace Prize. After seeing Trump walk out of the Climate Change Meeting and walk past he‚Ä¶
Greta Thunberg,RT @itsJeffTiedrich: Q: what's one thing Greta Thunberg has that Donald Trump doesn't?
Greta Thunberg,RT @bearshrugged: I was not going to do this as I do not like too personal information on the internet
Greta Thunberg,RT @CarmineSabia: President Donald Trump walks past Greta Thunberg because he does not bow to 16 year olds. https://t.co/4m9VGMz8CD
Greta Thunberg,RT @StefanMolyneux: Oh lord above.
Greta Thunberg,Video of Greta Thunberg crossing paths with Trump at UN goes viral https://t.co/PFBG6hzY45
Greta Thunberg,Video of Greta Thunberg crossing paths with Trump at UN goes viral https://t.co/PFBG6hzY45
Greta Thunberg,RT @stillgray: Am I a bad person for thinking children shouldn‚Äôt be used as political props like Greta Thunberg? https://t.co/kGEErp35Jn
Greta Thunberg,RT @TheOnion: Feeble
Greta Thunberg,RT @TXTrumpette89: SURPRISE! The Official Escort for 16-Year-Old Global Warming ‚ÄòExpert‚Äô Greta Thunberg Is a Leftist Hack Funded by George‚Ä¶
Greta Thunberg,RT @TXTrumpette89: SURPRISE! The Official Escort for 16-Year-Old Global Warming ‚ÄòExpert‚Äô Greta Thunberg Is a Leftist Hack Funded by George‚Ä¶
Greta Thunberg,Greta Thunberg gives impassioned rebuke of global leaders over climate crisis inaction https://t.co/dv7aN8TK8j
climatechange,post the text here
